CAS_Number,logS,ID,CA_Number
60-35-5,1.58,CC(N)=O,
,1.34,CNN,60-34-4
,1.22,CC(O)=O,64-19-7
,1.15,C1CCCN1,123-75-1
,1.12,NC([NH]O)=O,127-07-1
,1.12,OC(CO)CO,56-81-5
,1.11,CC(N(C)C)=O,127-19-5
,1.1,c1cccnn1,289-80-5
,1.1,c1ccncn1,289-95-2
,1.09,OC(CO)C(O)C(O)C(O)CO,50-70-4
,1.08,CC(N)CC(O)=O,541-48-0
,1.07,C1CNCCN1,110-85-0
,1.07,C1CCCCN1,110-89-4
,1.02,Oc1ccncc1,626-64-2
,1.02,Oc1ncccc1,72762-00-6
,1,OC(CCCC(O)=O)=O,110-94-1
,1,CN1CCOCC1,109-02-4
,0.97,NC(OC)=O,598-55-0
,0.96,O=C(C=CC=C1)N1C,694-85-9
,0.93,OC(CCl)=O,79-11-8
,0.85,NC(OCC)=O,51-79-6
,0.81,O=C(C1=CCCN(C)C1)OC,63-75-2
,0.81,Oc1cc(O)ccc1,108-46-3
,0.76,c1cnccc1,110-86-1
,0.74,CC1CNCCN1,109-07-9
,0.64,O1CC(O)C(O)C(O)C1(O)CO,@57-48-7
,0.62,Oc1c(O)cccc1,120-80-9
,0.61,NC(c1cccnc1)=O,98-92-0
,0.59,O=C1NC=NC=C1,51953-17-4
,0.58,CCC=O,123-38-6
,0.58,C(OC)=O,107-31-3
,0.57,C=CC=O,107-02-8
,0.56,C1CCOC1,109-99-9
,0.52,CC(CC)=O,78-93-3
,0.49,CC1NCC(C)NC1,106-55-8
,0.48,COCOC,109-87-5
,0.45,Cc1nc(C)ccc1,108-48-5
,0.4,Cc1ccc(C)nc1,589-93-5
,0.39,OC1COC(O)C(O)C1O,87-72-9
,0.38,Cc1cc(C)ncc1,108-47-4
,0.38,Cc(cccn1)c1C,583-61-9
,0.36,O=C1N(CC3CNCC2C3)C2=CC=C1,485-35-8
,0.35,OC1C(O)C(O)C(O)C(O)C1O,643-12-9
,0.32,CC=CC=O,4170-30-3
,0.31,CCC(C(O)=O)N,80-60-4
,0.3,O=C(CC1)NC1=O,123-56-8
,0.28,CC(C)C(O)=O,79-31-2
,0.23,CN1CCCCC1,626-67-5
,0.22,CC(CC(C)=O)=O,123-54-6
,0.15,C(OCC)=O,109-94-4
,0.15,C=CC#N,107-13-1
,0.11,CC1CCCO1,96-47-9
,0.1,CC(C)(C)OC(N)=O,4248-19-5
,0.08,CCC(C)(O)C,75-85-4
,0.07,NNc1ccccc1,100-63-0
,0.04,CC(C)CO,78-83-1
,0.04,O=S(CC)(CC)=O,597-35-3
,0.02,c12nccnc1ncnc2,91-18-9
,0.01,O=C(c1ccncc1)NN,54-85-3
,0,Oc1ccccc1,108-95-2
,-0.01,CCCC=O,123-72-8
,-0.02,CN1C2CCC1C(C(O)=O)C(O)C2,481-37-8
,-0.03,C1CCOCC1,142-68-7
,-0.06,CCC1NC(=O)NC1(=O),15414-82-1
,-0.07,Cc1cc(O)no1,10004-44-1
,-0.09,NC(C(O)=O)C(O)C,72-19-5
,-0.09,CCOCC,60-29-7
,-0.1,C(c1ccco1)=O,98-01-1
,-0.12,Cc1nc(nccn2)c2cn1,2432-20-4
,-0.13,NC(C(O)=O)C(C)(S)C,52-67-5
,-0.14,CCN(CC)CC,121-44-8
,-0.17,c1ccc[nH]1,109-97-7
,-0.17,OC1C(O)C(O)CC(O)C1O,488-73-3
,-0.17,OC(CO)Cn(cn1)c(C(N2C)=O)c1N(C2=O)C,479-18-5
,-0.17,O=NN1CCCCC1,100-75-4
,-0.19,CC(CCC)=O,107-87-9
,-0.19,OC(CCC)=O,107-92-6
,-0.2,CN(NC(CCC(O)=O)=O)C,1596-84-5
,-0.2,OC(CCC(O)=O)=O,110-15-6
,-0.2,CC(C)C(O)C,598-75-4
,-0.22,O=C(OC)C=C,96-33-3
,-0.24,CCC(O)CC,584-02-1
,-0.27,O=C(C(C2OC1CC2)C1C(O)=O)O,145-73-3
,-0.29,CC(O)CCC,6032-29-7
,-0.29,OC(=O)CC(C)(C(=O)O)C(C)(C)C(=O)O,2385-74-2
,-0.29,ClCCC#N,542-76-7
,-0.29,Oc1c(CO)cccc1,90-01-7
,-0.3,NC(OCC(C)C)=O,2114-15-0
,-0.31,NC(=NC(#N))N,461-58-5
,-0.38,CC(CC)(O)CC,77-74-7
,-0.38,Nc1ccc(N)cc1,106-50-3
,-0.39,COCCC,557-17-5
,-0.39,OCC(C)C(C)C,19550-30-2
,-0.4,OCc1ccccc1,100-51-6
,-0.42,OC(C(N)CCSC)=O,63-68-3
,-0.42,Nc(cccc1)c1N,95-54-5
,-0.42,OC(C(C)NC)c1ccccc1,299-42-3
,-0.44,OC1CCCCC1,108-93-0
,-0.45,CC(CC1CCCCN1)=O,4396-01-4
,-0.46,Oc1cccnc1,109-00-2
,-0.46,O=C(c1cccnc1)OC,93-60-7
,-0.47,Cc1ncnc2c1nccn2,2432-21-5
,-0.48,,7568-93-6
,-0.48,,51-34-3
,-0.49,O=COCCC,110-74-7
,-0.5,NCCC(C(NC2CC(C(C(C2OC3OC(C(C(C3O)N)O)CO)O)OC1OC(C(C(C1O)O)O)CN)N)=O)O,37517-28-5
,-0.5,OCCC(C)(C)C,624-95-3
,-0.53,n1c(c[nH]c1)CC(N)C(O)=O,71-00-1
,-0.54,CCCC(O)C(CC)CO,94-96-2
,-0.55,OC(C(N)CCC(N)=O)=O,56-85-9
,-0.59,CC1CO1,75-56-9
,-0.6,O=C1CCCCC1,108-94-1
,-0.6,CC(OCC(OC(C)=O)COC(C)=O)=O,102-76-1
,-0.62,CC(C)(C)C(O)C,464-07-3
,-0.63,,58-15-1
,-0.63,C(Cl)(Cl),75-09-2
,-0.66,NC(OCCCC)=O,592-35-8
,-0.66,CCOCCC,628-32-0
,-0.66,O=C(CC)OCC,105-37-3
,-0.68,Oc1cccc(C)c1,108-39-4
,-0.68,O=CNc1ccccc1,103-70-8
,-0.7,Oc1ccc(Cl)cc1,106-48-9
,-0.7,Oc1cccc(Cl)c1,108-43-0
,-0.7,Oc1ccc(C)cc1,106-44-5
,-0.7,CC(C)C(O)CC,565-67-3
,-0.71,OCCOc1ccccc1,122-99-6
,-0.72,CC(O)C(C)CC,565-60-6
,-0.72,CC(OCCC)=O,109-60-4
,-0.72,CC(C)(O)C(C)(C)C,594-83-2
,-0.72,Nc(cccc1)c1O,95-55-6
,-0.73,,120-07-0
,-0.74,O=C(C=C)OCC,140-88-5
,-0.74,Oc1ccc(N(=O)=O)cc1,100-02-7
,-0.74,O[NH]c1ccccc1,100-65-2
,-0.74,NC(CC(N)C(O)=O)=O,70-47-3
,-0.77,N#CC(c1ccccc1)OC(C(C(O)C2O)O)OC2COC(C(C(O)C3O)O)OC3CO,29883-15-6
,-0.77,CCOCCOCC,629-14-1
,-0.78,c12ccccc1[nH]nn2,95-14-7
,-0.8,Nc1ccc(O)cc1,123-30-8
,-0.8,O=C(NC1=O)N(C=C1)C,615-77-0
,-0.8,OC(CC)CCC,623-37-0
,-0.8,C=C(C)C(OC)=O,80-62-6
,-0.8,CC(C)(C)COC(=O)N,3124-46-7
,-0.82,O=C(OCC)CC(OCC)=O,105-53-3
,-0.82,c1ccco1,110-00-9
,-0.82,CCCC(OC)=O,623-42-7
,-0.83,C=CCS(SCC=C)=O,539-86-6
,-0.83,C=CC(CCC)=O,1629-60-3
,-0.84,O=C(O)c1cnccc1,59-67-6
,-0.85,CCCCC=O,110-62-3
,-0.85,CN(N=O)C(N)=O,684-93-5
,-0.85,CCOC=C,109-92-2
,-0.85,Cc1cc(N)ccc1,108-44-1
,-0.85,CCC(O)(CC)CC,597-49-9
,-0.85,OC(C(C(C(CO)O2)O)O)C2Oc1ccccc1CO,138-52-3
,-0.86,O=Cc1c(O)cccc1,90-02-8
,-0.87,Clc1nc(ncnc2)c2nc1,1125-84-4
,-0.88,CC(CC1)CCC1O,589-91-3
,-0.88,CC(C(C(C)=O)CCC)=O,1540-35-8
,-0.89,ClCBr,74-97-5
,-0.89,OC(Cc1ccccc1)=O,103-82-2
,-0.9,CC(NC(N)=O)=O,591-07-1
,-0.91,COc1nc(ncnc2)c2nc1,204443-27-6
,-0.92,CC(c1ccccc1)O,98-85-1
,-0.92,CC(C)(O)CC(C)C,625-06-9
,-0.96,O=C(CCC(OCC)=O)OCC,123-25-1
,-0.96,CC=CCC#N,16529-66-1
,-0.96,NC(c1ccccc1)=O,55-21-0
,-0.96,Oc1ccc(C=O)cc1,123-08-0
,-0.97,O=C(N(C)c2c1n(C)cn2)N(C)C1=O,58-08-2
,-0.98,CC(Nc1ccc(N)cc1)=O,122-80-5
,-0.99,O=C(C=C1)C=CC1=O,106-51-4
,-0.99,CCCCOC,628-28-4
,-1,CI,74-88-4
,-1,CCC(C)(O)CCC,597-96-6
,-1.03,O=C(Nc(cc1)ccc1O)C,103-90-2
,-1.04,c12ccccc1NCC2,496-15-1
,-1.07,O=C(NC=C1F)NC1=O,51-21-8
,-1.08,CC(C)(O)CCCC,625-23-0
,-1.09,Brc1ccc(O)cc1,106-41-2
,-1.09,CCBr,74-96-4
,-1.1,CC(C)OC(C)C,108-20-3
,-1.1,O=C(O)COc1ccccc1,122-59-8
,-1.11,COc2ncc1nccnc1n2,102170-44-5
,-1.11,COc2c1nccnc1ncn2,30564-38-6
,-1.12,NCCc1ccc(O)cc1,51-67-2
,-1.13,OC(C(CC(C)CC1C)C1=O)CC(CC2=O)CC(N2)=O,66-81-9
,-1.14,CC(C)CCCO,626-89-1
,-1.14,NC1=NC(NC=C1)=O,71-30-7
,-1.16,c12c(cccc2)nco1,273-53-0
,-1.16,S(=O)(CCCl)CCCl,5819-08-9
,-1.17,CCC(CO)CC,97-95-0
,-1.17,ClC(Cl)(Cl),67-66-3
,-1.19,Oc1ccc(C)cc1C,105-67-9
,-1.19,O=C(c1ccccc1),100-52-7
,-1.2,OCc1ccc(C)cc1,589-18-4
,-1.2,O=C(OC)C(C2C(OC)=O)C1CC2C=C1,5826-73-3
,-1.21,O=C(C=C)OCC(C)C,106-63-8
,-1.22,CC(C)(NCC(c1cc(CO)c(O)cc1)O)C,18559-94-9
,-1.22,CC(C)C(O)C(C)C,600-36-2
,-1.23,O=C(O)C(N)Cc1c[nH]c2c1cccc2,73-22-3
,-1.23,O=S(NC(C)=O)(c1ccc(N)cc1)=O,144-80-9
,-1.24,CC(OCCCC)=O,123-86-4
,-1.24,CCCCCCO,111-27-3
,-1.25,O=C(C(N1)=O)C(NC1=O)=O,50-71-5
,-1.27,CC(C)(C)C(C)(O)CC,7294-05-5
,-1.28,CC(c1ccccc1)=O,98-86-2
,-1.28,CC(c1cc(N)ccc1)=O,99-03-6
,-1.28,CCCC(OCC)=O,105-54-4
,-1.29,CC(Cl)Cl,75-34-3
,-1.3,CC(Nc1ccc(OC)cc1)=O,51-66-1
,-1.3,c1(cccn2)c2cccc1,91-22-5
,-1.3,CCCCCC=O,66-25-1
,-1.32,BrCCCl,107-04-0
,-1.33,CC(Nc1ccccc1)=O,103-84-4
,-1.33,CC(CCC(C)C)=O,110-12-3
,-1.36,CCc(cccc1)c1O,90-00-6
,-1.36,CCCCC(OC)=O,624-24-8
,-1.37,N=C(N)NN(=O)=O,556-88-7
,-1.37,Clc1cc(N)ccc1,108-42-9
,-1.38,OCCCc1ccccc1,122-97-4
,-1.38,CC(O)CCC(C)C,627-59-8
,-1.39,O=C(C(CC)(CC)C(N1)=O)NC1=O,57-44-3
,-1.4,Cc1cc(C)cc(O)c1,108-68-9
,-1.4,O=C(c(cc1)ccc1N)OCCN(CC)CC,59-46-1
,-1.4,CC(Nc(cccc1)c1Cl)=O,533-17-5
,-1.4,CCCC(O)CCC,589-55-9
,-1.41,O=C(O)CCc1ccccc1,501-52-0
,-1.42,CC(CCCCC)=O,110-43-0
,-1.42,c1(c2ncccc2)ccccn1,366-18-7
,-1.43,Cc(c(O)ccc1)c1C,526-75-0
,-1.44,CCCCNCCCC,111-92-2
,-1.45,c1cccs1,110-02-1
,-1.45,c1(ccnc2)c2cccc1,119-65-3
,-1.47,O=C(O)c1cscc1,88-13-1
,-1.47,ClCCC,540-54-5
,-1.48,ClC(Cl)CCl,79-00-5
,-1.49,O=Cc1ccc(OC)cc1,123-11-5
,-1.5,S(=O)(=O)(CCCl)CCCl,471-03-4
,-1.51,O=C(O)CNC(N)=N,352-97-6
,-1.52,c1(cccc2)c2[nH]cc1,120-72-9
,-1.52,OCC(C)(C)CCC,2370-12-9
,-1.52,OC(c1ccccc1N)=O,118-92-3
,-1.52,OC(C=C4)C2C5(C4C(N(C)CC5)C3)c1c3ccc(OC)c1O2,76-57-3
,-1.53,NCc1ccccc1,100-46-9
,-1.54,c1(c2ccncc2)ccncc1,553-26-4
,-1.54,Oc1cc(C)ccc1C,95-87-4
,-1.55,OCCCC(C)(C)C,3121-79-7
,-1.55,OC(c1ccccc1)=O,65-85-0
,-1.55,CN1CCCCC1C(Nc2c(C)cccc2C)=O,96-88-8
,-1.55,CSc1nc(ncnc2)c2nc1,204443-30-1
,-1.55,Clc(cc(Cl)cc1)c1O,120-83-2
,-1.55,CCCCCC(O)C,543-49-7
,-1.56,CCCCC(=O)CC(=O)C,14090-87-0
,-1.56,Oc1c(OC)cc(CC=C)cc1,97-53-0
,-1.56,CN2C(NC(N1)=C(C2=O)NC1=O)=O,708-79-2
,-1.57,Cc(cc(O)cc1)c1Cl,59-50-7
,-1.57,CNC(Oc1c(C2OCCO2)cccc1)=O,6988-21-2
,-1.58,CC(Nc(cc1)ccc1C=O)=O,122-85-0
,-1.59,O=C(c1ccc(N)cc1)OC,619-45-4
,-1.6,C1(c2ccccc2)CO1,96-09-3
,-1.6,CC(Cl)CCl,78-87-5
,-1.6,O=C(CC(C)=O)CC(C)C,3002-23-1
,-1.6,Cc1c(N(C(C(OC)=O)C)C(COC)=O)c(C)ccc1,57837-19-1
,-1.6,FC(F)(F)c1c(C(O)=O)cccc1,433-97-6
,-1.6,OCC(C)CC(C)C,6305-71-1
,-1.6,O=C(Nc1ccccc1)N(C)C,101-42-8
,-1.61,NS(=O)(c(cc1)ccc1NC(C)=O)=O,121-61-9
,-1.61,OC(C2OC(C)=O)CNC2Cc1ccc(OC)cc1,22862-76-6
,-1.62,CNC(ON=C(C(C)(C)C)CSC)=O,39196-18-4
,-1.62,O=C(N(CC=C)CC=C)C(Cl)Cl,37764-25-3
,-1.62,ClCCCCl,142-28-9
,-1.62,CCCOCCC,111-43-3
,-1.63,O=Cc1cc(OCO2)c2cc1,120-57-0
,-1.64,c1ccccc1,71-43-2
,-1.64,C=C(Cl)Cl,75-35-4
,-1.64,O=S(c1ccccc1C2=O)(N2)=O,81-07-2
,-1.64,CC2(CC1)CCC1C(O2)(C)C,470-82-6
,-1.64,O=C(N1)NC(C(CCCC)(CC)C1=O)=O,77-28-1
,-1.66,Clc1ccc(N)cc1,106-47-8
,-1.67,CC(COC(N)=O)(CCC)COC(N)=O,57-53-4
,-1.67,CC(OC1CCCCC1)=O,622-45-7
,-1.68,O=N(=O)c1cc(C(O)=O)ccc1,121-92-6
,-1.68,BrCCBr,106-93-4
,-1.7,O=C(O)c1c(OC)c(Cl)ccc1Cl,1918-00-9
,-1.7,CCNc1ccccc1,103-69-5
,-1.7,CCCCCCC=O,111-71-7
,-1.71,FC(F)(F)C(Cl)Br,151-67-7
,-1.71,O=C(N1)NC(C(C(C)C)(CC=C)C1=O)=O,77-02-1
,-1.72,CC(O)(C)CCCCC,625-25-2
,-1.72,CC(O)C(C)CCCC,31367-46-1
,-1.73,,106-34-3
,-1.73,BrCCC,106-94-5
,-1.74,Oc1ccccc1N(=O)=O,88-75-5
,-1.74,ClC(Cl)C(Cl)Cl,79-34-5
,-1.74,NS(=O)(c1ccc(C)cc1)=O,70-55-3
,-1.75,CCCCC(OCC)=O,539-82-2
,-1.76,CSc2ncc1nccnc1n2,16878-77-6
,-1.76,NC(c(cccc1)c1O)=O,65-45-2
,-1.76,Cc1c(NC(CN(CC)CC)=O)c(C)ccc1,137-58-6
,-1.77,CC=CC=CC(O)=O,110-44-1
,-1.77,NC(Nc1ccccc1)=S,103-85-5
,-1.77,O=C(CS1)NC1=S,141-84-4
,-1.78,Oc1ccc(C(OC)=O)cc1,99-76-3
,-1.78,O=C(OCCC)c1cc(O)c(O)c(O)c1,121-79-9
,-1.78,CC(Nc(cc1)ccc1F)=O,351-83-7
,-1.8,O=N(=O)c1ccccc1,98-95-3
,-1.8,O=C(NC)Oc1cc(C)ccc1,1129-41-5
,-1.8,Fc1ccccc1,462-06-6
,-1.81,CCCCCCCO,111-70-6
,-1.82,Oc1ccccc1C(O)=O,69-72-7
,-1.83,O=C(c1ccccc1)CC,93-55-0
,-1.83,CC(N=C1SC(S(N)(=O)=O)=NN1C)=O,554-57-4
,-1.84,CC15C(O)C=CC2(OC5=O)C1C(C(O)=O)C3(CC4=C)C2CCC4(O)C3,77-06-5
,-1.85,CCCCOCCCC,142-96-1
,-1.85,COc1ccccc1,100-66-3
,-1.86,O=C(O)C(CCC)CCC,99-66-1
,-1.87,O=C(C=C3)CC(C34CC2)(CCN4C)c1c2ccc(OC)c1O,467-98-1
,-1.87,O=C1CC(C)CCC1,591-24-2
,-1.89,C12CCCCN1CC(C(CCCC4)N4C3)CC23,90-39-1
,-1.89,O=C(OCCCCC)C,628-63-7
,-1.89,O=C(OCC)C1(c2ccccc2)CCN(C)CC1,57-42-1
,-1.89,COc1c(C2=O)c(CO2)ccc1OC,569-31-3
,-1.89,O=C(O)CCCCCCCC(O)=O,123-99-9
,-1.9,ClC(Br)(Br),124-48-1
,-1.91,C(Br)(Br)Br,75-25-2
,-1.91,CN1C2CCC1CC(OC(C(CO)c3ccccc3)=O)C2,101-31-5
,-1.91,CC(Nc(cc1)ccc1OC(C)=O)=O,2623-33-8
,-1.92,CCCC(OCCC)=O,105-66-8
,-1.92,O=C(c(c(C=O)ccc1OC)c1OC)O,519-05-1
,-1.92,NC(OCCCCCC)=O,2114-20-7
,-1.92,,121-69-7
,-1.92,O=C(CC)Nc1ccccc1,620-71-3
,-1.92,CC(OCCC(C)C)=O,123-92-2
,-1.93,O=C(C(NC1=O)=CC(N1)=O)O,65-86-1
,-1.93,,27134-24-3
,-1.94,O=S(c1ccc(N)cc1)(Nc2nnc(CC)s2)=O,94-19-9
,-1.94,Cc(cc2)cc1c2ccc(C)n1,93-37-8
,-1.95,CN(C)c1nc(C)c(C)c(OC(N(C)C)=O)n1,23103-98-2
,-1.96,COc(cccc1)c1N(=O)=O,91-23-6
,-1.96,O=C(O)C=Cc1c[nH]cn1,104-98-3
,-1.96,CC(Cl)CC,78-86-4
,-1.96,Nc1ccccc1N(=O)=O,88-74-4
,-1.97,C1=CCC=CC1,628-41-1
,-1.99,Oc(cc2)cc1c2CCCC1,1125-78-6
,-2,CC(Cl)(Cl)Cl,71-55-6
,-2.02,Cc1ccccc1S(N)(=O)=O,88-19-7
,-2.03,ClCCCC,109-69-3
,-2.05,CC(CCCCCC)=O,111-13-7
,-2.05,O=C(NC)Oc(cccc1)c1OC(C)C,114-26-1
,-2.06,O=S(c1ccc(C(C)=O)cc1)(NC(NC2CCCCC2)=O)=O,968-81-0
,-2.06,C=C(C(O)=O)c1ccccc1,492-38-6
,-2.06,CC1=CCC(C(C)=C)CC1=O,2244-16-8
,-2.06,O=C(c(cccc1)c1C)O,118-90-1
,-2.07,c1ccc2C(O)N3CCC(O)C3=Nc2c1,486-64-6
,-2.07,OC(Cc1c[nH]c2c1cccc2)=O,87-51-4
,-2.08,CC(c1cc(O)c(C)cc1)C,499-75-2
,-2.09,CC(Nc1cc(C)ccc1)=O,537-92-8
,-2.09,O=C(N(C)C)Oc1cc(C)nn1c2ccccc2,87-47-8
,-2.09,CC(I)C,75-30-9
,-2.09,C=CCC=C,591-93-5
,-2.09,CC(O)CCCCCC,123-96-6
,-2.09,O=C(C5)N(C4C2(CC7)C(N7C6)CC3C6=CCOC5C34)c1c2cc(OC)c(OC)c1,357-57-3
,-2.1,OCc(c(Cl)ccc1)c1Cl,15258-73-8
,-2.11,OCC(CC)CCCC,104-76-7
,-2.11,OC(c1ccccc1C(O)=O)=O,88-99-3
,-2.12,CN1C2CCC1CC(OC(C(CO)c3ccccc3)=O)C2,51-55-8
,-2.12,Sc1ccccc1,108-98-5
,-2.12,Nc1ncnc2c1nc[nH]2,73-24-5
,-2.13,CN(CN(C)CS1)C1=S,533-74-4
,-2.14,O=C(c1cc(C)ccc1)O,99-04-7
,-2.14,,59-31-4
,-2.15,O=C1NCCN1C(NCC(C)C)=O,30979-48-7
,-2.15,C1=CC=CC=CC1,544-25-2
,-2.16,O=C(O)COc(cccc1)c1Cl,614-61-9
,-2.16,Oc(cc2)cc1c2nccc1,580-16-5
,-2.17,O=C(N1)NC(C(C2=CCCCC2)(CC)C1=O)=O,52-31-3
,-2.17,NC(Nc1ccc(OCC)cc1)=O,150-69-6
,-2.18,,115-43-5
,-2.18,O=S(NC(NCCCC)=O)(c(cc1)ccc1N)=O,339-43-5
,-2.18,ClC(Cl)(Cl)CCl,630-20-6
,-2.19,O=N(c1ccc(C=NO)o1)=O,6236-05-1
,-2.19,Nc1cccc(N(=O)=O)c1,99-09-2
,-2.21,O=C(N1)NC(C(C(C)C)(CC)C1=O)=O,76-76-6
,-2.21,Cc1ccccc1,108-88-3
,-2.21,OC(c1ccccc1)(c2ccccc2)C(O)=O,76-93-7
,-2.22,Oc2cccc1ccccc12,90-15-3
,-2.22,Cc1cc(O)c(C(C)C)cc1,89-83-8
,-2.22,OC(C(C)Oc1ccccc1Cl)=O,76466-16-5
,-2.22,O=N(OCC(ON(=O)=O)CON(=O)=O)=O,55-63-0
,-2.23,O=C(N1C)NC(C(CC)(CC)C1=O)=O,50-11-3
,-2.23,O=C(O)COc(ccc(Cl)c1)c1C,94-74-6
,-2.24,CCCCc(c(O)nc(N(C)C)n1)c1C,5221-53-4
,-2.24,Cc1cc(NS(=O)(c2ccc(cc2)N)=O)nc(C)n1,515-64-0
,-2.24,CC(Nc(cccc1)c1O)=O,614-80-2
,-2.26,S=C(NC=C1)NC1=O,141-90-2
,-2.28,Oc2cc1ccccc1cc2,135-19-3
,-2.28,O=C(NC1=O)C(N(=O)=O)C(N1)=O,#28176-10-5
,-2.29,ICCC,107-08-4
,-2.3,CCCCCCCC(O)=O,124-07-2
,-2.3,S=P(OCC)(OCC)Oc1ccc(S(C)=O)cc1,115-90-2
,-2.31,Fc1c(F)c(F)cc(F)c1,2367-82-0
,-2.31,ClC(Cl)(Cl)Cl,56-23-5
,-2.32,O=C(OCC)c1ccccc1,93-89-0
,-2.32,CC1(C)C2CCC1(C)C(O)C2,507-70-0
,-2.32,Nc1ccc(S(=O)(Nc2ccnn2c3ccccc3)=O)cc1,526-08-9
,-2.33,O=C(c(cc1)ccc1N)OCCC,94-12-2
,-2.33,O=C(NN)Nc1ccccc1,537-47-3
,-2.34,Oc1c(cccc1)C(OC)=O,119-36-8
,-2.34,Oc(c(Cl)cc(Cl)c1)c1Cl,88-06-2
,-2.34,,77-21-4
,-2.35,Nc1c(CC)cccc1CC,579-66-8
,-2.35,O=C(OCC)c1ccccc1C(OCC)=O,84-66-2
,-2.35,O=C(c1ccc(O)cc1)OCC,120-47-8
,-2.36,CCCCCCCC=O,124-13-0
,-2.36,C#CCCCC,693-02-7
,-2.36,O=C(NC1CCCCCCC1)N(C)C,2163-69-1
,-2.36,CSc2c1nccnc1ncn2,6966-78-5
,-2.36,S=C2N=CC1=C(N2)N=CC=N1,16878-76-5
,-2.37,CCOc1ccc(NC(C)=O)cc1,62-44-2
,-2.37,CCCCBr,109-65-9
,-2.38,Clc1ccccc1,108-90-7
,-2.38,BrC(CCl)CBr,96-12-8
,-2.38,N#Cc1ccccc1C#N,91-15-6
,-2.38,Oc1c(cn[nH]2)c2ncn1,315-30-0
,-2.39,ClCc1ccccc1,100-44-7
,-2.39,Oc(cccc2)c2c1ccccc1,90-43-7
,-2.39,CSc1ccccc1,100-68-5
,-2.4,ClC(Cl)CCC,541-33-3
,-2.41,O=C(c(cc1)ccc1OC)OC,121-98-2
,-2.41,Cc1nnc(NS(=O)(c2ccc(N)cc2)=O)s1,144-82-1
,-2.41,O=N(c1ccc(OC)cc1)=O,100-17-4
,-2.42,Cc1c[nH]c2c1cccc2,83-34-1
,-2.43,CC(C)CBr,78-77-3
,-2.43,S=C(NC(C)=C1)NC1=O,56-04-2
,-2.43,Nc1ccc(S(Nc2nccs2)(=O)=O)cc1,72-14-0
,-2.43,O=C(C(S(=O)(CCO2)=O)=C2C)Nc1ccccc1,5259-88-1
,-2.44,O=N(c1cc(C)ccc1)=O,99-08-1
,-2.44,O=S(c1ccc(N)cc1)(Nc2nc(C)c(C)o2)=O,729-99-7
,-2.45,n(cc(c(n1)O)C)c1S,636-26-0
,-2.45,CC(C(O)=O)Oc(ccc(Cl)c1)c1Cl,120-36-5
,-2.47,O=C(O)c1c(Cl)c(N)cc(Cl)c1,133-90-4
,-2.48,O=C(N1C(C)(C)C)C(Cl)=C(C)NC1=O,5902-51-2
,-2.48,OC(C=Cc1ccccc1)=O,621-82-9
,-2.48,O=C(CCl)N(C(C)C)c1ccccc1,1918-16-7
,-2.51,Clc1c(OCC(O)=O)ccc(Cl)c1,94-75-7
,-2.52,,127-33-3
,-2.52,CC(C(C(NC1=O)=O)(C(N1)=O)CC)CCC,76-74-4
,-2.53,COc1c(O)cc(Cl)c(Cl)c1,2460-49-3
,-2.54,CC=CCC,646-04-8
,-2.54,ClCc(cc1)ccc1F,352-11-4
,-2.54,Oc1c(cccn2)c2ccc1,578-67-6
,-2.54,COc1cc(NS(=O)(c2ccc(cc2)N)=O)nc(C)n1,3772-76-7
,-2.55,Clc1cc(C)c(OC(C)C(O)=O)cc1,93-65-2
,-2.56,CC1=C(C(Nc2ccccc2)=O)CCCO1,24691-76-7
,-2.57,O=C(N1)NC(C(CCC(C)C)(CC)C1=O)=O,57-43-2
,-2.58,COc1cnc(NS(=O)(c2ccc(cc2)N)=O)nc1,651-06-9
,-2.58,CC(CCCCCCC)=O,821-55-6
,-2.59,C1=CCCCC1,110-83-8
,-2.59,OC(c1cc(Cl)ccc1)=O,535-80-8
,-2.59,CCc1cccs1,872-55-9
,-2.6,,91-75-8
,-2.6,C(Cl)(Cl)C(Cl)(Cl)Cl,76-01-7
,-2.6,COc1ccc(C(C2CC2)(c3cncnc3)O)cc1,12771-68-5
,-2.61,OC(CN1C(Sc2c1c(Cl)ccc2)=O)=O,3813-05-6
,-2.62,O=S(Nc1noc(C)c1)(c2ccc(N)cc2)=O,723-46-6
,-2.62,NC(OCCCCCCC)=O,4248-20-8
,-2.62,O=S(c1c2cc(Cl)c(S(N)(=O)=O)c1)(NCN2)=O,58-93-5
,-2.63,C12C(ON(=O)=O)COC1C(ON(=O)=O)CO2,87-33-2
,-2.63,O=C(c1ccc(N)cc1)CC,70-69-9
,-2.63,CC(Cl)CCC,625-29-6
,-2.64,C1CCCC1,287-92-3
,-2.64,CN(CCN(c2ncccc2)Cc1ccccc1)C,91-81-6
,-2.64,CN(C)CCN(c2ccccn2)Cc1cccs1,91-80-5
,-2.65,,86-87-3
,-2.68,CC(C)N2C(c1ccccc1NS2(=O)=O)=O,25057-89-0
,-2.68,C=CCCC=C,592-42-7
,-2.68,C=CCCC,109-67-1
,-2.68,,230-46-6
,-2.69,CC(Nc1ccc(N(=O)=O)cc1)=O,104-04-1
,-2.69,ClC(C(C)(Cl)C)C,507-45-9
,-2.7,CC(Cl)C(Cl)C,7581-97-7
,-2.7,Nc(cc2)ccc2c1ccc(N)cc1,92-87-5
,-2.7,O=C(O)CCCCCCCCCCN,2432-99-7
,-2.71,CCCCCCC(OCC)=O,106-30-9
,-2.71,c1cc(OCC)ccc1C(=O)OCCN(CC)CC,94-23-5
,-2.72,Oc1ccc(C(OCCCC)=O)cc1,94-26-8
,-2.73,OC(c1ccccc1I)=O,88-67-5
,-2.73,O=C(N(c1c(C)cccc1CC)C(C)COC)CCl,51218-45-2
,-2.73,CCCCCCl,543-59-9
,-2.74,O=C(N1C)NC(C(C2=CCCCC2)(C)C1=O)=O,56-29-1
,-2.75,CCCCCCCCC(O)=O,112-05-0
,-2.75,O=C(c(nc(Cl)c(Cl)c1N)c1Cl)O,1918-02-1
,-2.76,C(C2)(C=C)C1CC(C(O)c3ccnc4c3cc(OC)cc4)N2CC1,130-95-0
,-2.77,S=C2C1=C(N=CN2)N=CC=N1,65882-61-3
,-2.78,c12c(cccc3)c3ncc1cccc2,229-87-8
,-2.8,Clc(c(C)cc(O)c1)c1C,88-04-0
,-2.8,Cc1c(C)cccc1,95-47-6
,-2.81,O=C(NCc2ccccc2)Cn1c(N(=O)=O)ncc1,22994-85-0
,-2.82,CN2C(ON(C2=O)c1ccc(c(Cl)c1)Cl)=O,20354-26-1
,-2.82,Cc1cc(C)ccc1,108-38-3
,-2.82,OC4C13C(C5N(C(O)C6CC)C(C4C6C5)C3)N(C)c2c1cccc2,4360-12-7
,-2.82,O=S(c1ccc(N)cc1)(c2ccc(N)cc2)=O,80-08-0
,-2.84,CC(Nc1ccc(Cl)cc1)=O,539-03-7
,-2.85,Cc1nc(NS(=O)(c2ccc(cc2)N)=O)ncc1,127-79-7
,-2.86,,738-70-5
,-2.86,,66-02-4
,-2.87,,564-25-0
,-2.87,O=C1C(Cl)=C(N)C=NN1c2ccccc2,1698-60-8
,-2.88,,57-62-5
,-2.89,O=C(N(C)C)Nc1ccc(Cl)cc1,150-68-5
,-2.89,CC(C)CCBr,107-82-4
,-2.91,,127-69-5
,-2.92,Oc1c(cccc2O)c2ccc1,83-56-7
,-2.92,C=CCc1ccc(OC)cc1,140-67-0
,-2.92,NC(c(cccc1)c1C(N)=O)=O,88-96-0
,-2.93,O=C(N(C)C)Nc1cc(OC(NC(C)(C)C)=O)ccc1,4849-32-5
,-2.93,,437-50-3
,-2.96,CCCCI,542-69-8
,-2.96,COc1cc(NS(=O)(c2ccc(cc2)N)=O)nc(OC)n1,122-11-2
,-2.98,O=C(N(C)C)C(c2ccccc2)c1ccccc1,957-51-7
,-3,O=C(OCC)C=Cc1ccccc1,103-36-6
,-3,O=C(CC)Nc1cc(Cl)c(Cl)cc1,709-98-8
,-3,O=C(N1)NC(C(C2=CCCCCC2)(CC)C1=O)=O,509-86-4
,-3.01,CCCCCCCCCO,143-08-8
,-3.01,O=C(NC1C2C3CCCC3C(C1)C2)N(C)C,28805-78-9
,-3.01,C#CCCCCC,628-71-7
,-3.02,CCCCc1c(O)nc(NCC)nc1C,23947-60-6
,-3.03,CCN(c1ccccc1)CC,91-66-7
,-3.04,O=C([NH]O)C(c1ccc(CC(C)C)cc1)C,53648-05-8
,-3.04,CC(C)Nc1nc(NCC)nc(SC)n1,834-12-8
,-3.05,O=S(c1c2cc(Cl)c(S(N)(=O)=O)c1)(NC=N2)=O,58-94-6
,-3.05,O=S(c1ccccc1)(NC(NCCCC)=O)=O,3149-00-6
,-3.05,Clc1c(Cl)cccc1,95-50-1
,-3.07,,485-71-2
,-3.07,BrCCCCC,110-53-2
,-3.08,,480-16-0
,-3.09,OC(C3N4CC(C=C)C(CC4)C3)c1ccnc2c1cccc2,118-10-5
,-3.09,CC1(CCC2C3C)C=CC(C(C)=C1C2OC3=O)=O,481-06-1
,-3.11,CCc1ccc(C)cc1,622-96-8
,-3.11,O=C1CCC2(C)C(CCC3C2C(CC4(C)C3CCC4(O)C(CO)=O)=O)=C1,53-06-5
,-3.12,ClCCCCCC,544-10-5
,-3.12,Oc1cccc3c1C(C2=C(O)C(C(C(C(N)=O)=C(O)C4N(C)C)=O)(O)C4CC2C3(O)C)=O,60-54-8
,-3.12,CCCCN(CCCC)CCCC,102-82-9
,-3.12,ClC(F)(F)C(F)(F)Cl,76-14-2
,-3.13,O=C(c(cccc1)c1C(OCC=C)=O)OCC=C,131-17-9
,-3.13,CC=Cc1ccc(OC)cc1,104-46-1
,-3.13,Fc1ccc(I)cc1,352-34-1
,-3.14,OC(C2(C(C(O)=C1C(N)=O)N(C)C))(C(O)=C(C3=O)C(C2O)(C(C)(O)c4c3c(O)ccc4))C1=O,79-57-2
,-3.14,BrC(Br)(Br)Br,558-13-4
,-3.14,COc1c(C(C4c(ccc(OC)c5OC)c5C(O4)=O)N(C)CC3)c3cc2c1OCO2,128-62-1
,-3.14,O=C(C(SCCO2)=C2C)Nc1ccccc1,5234-68-4
,-3.15,Clc1nc(NC(C)(C)C#N)nc(NCC)n1,21725-46-2
,-3.15,,102-07-8
,-3.15,O=C(c(cccc2)c2O)Oc1ccccc1,118-55-8
,-3.18,CCN(CCNC(c1c(OC)cc(N)c(Cl)c1)=O)CC,364-62-5
,-3.18,Sc2nc1ccccc1s2,149-30-4
,-3.18,CCCCC,109-66-0
,-3.2,Cc(c(C)ccc1)c1C,526-73-8
,-3.21,Brc1cc(Cl)ccc1,108-37-2
,-3.21,CCc(cccc1)c1C,611-14-3
,-3.22,,117-34-0
,-3.22,IC=CI,590-27-2
,-3.23,C=CCCCC,592-41-6
,-3.24,Clc(cc(N)cc1)c1Cl,95-76-1
,-3.24,,53780-34-0
,-3.25,CC(Nc(cc1)ccc1I)=O,622-50-4
,-3.26,O=C(N(c1c(CC)cccc1CC)COC)CCl,15972-60-8
,-3.26,O=C(c(cc1)ccc1N)OCCCCC,13110-37-7
,-3.26,COC(c1c(Cl)c(N)cc(Cl)c1)=O,7286-84-2
,-3.27,O=C(OCCNCCCCC)c(cc1)ccc1N,2188-67-2
,-3.27,O=C(c1cc(I)ccc1)O,618-51-9
,-3.27,CC1=CCCCC1,591-49-1
,-3.27,CC(C)c1ccccc1,98-82-8
,-3.28,COc1nnc(NS(=O)(c2ccc(cc2)N)=O)cc1,80-35-3
,-3.28,,63-25-2
,-3.3,CC1CCCC1,96-37-7
,-3.3,Cc1c(C(Nc2ccccc2)=O)cco1,24691-80-3
,-3.31,O=C(c(cc1I)c(c(I)c1)O)O,133-91-5
,-3.31,O=C(c1ccc(Cl)cc1)O,74-11-3
,-3.31,CC(CCCCCCCC)=O,693-54-9
,-3.31,Cc(cc(C)cc1)c1C,95-63-6
,-3.32,O=C(C5)N(C4C2(CC7)C(N7C6)CC3C6=CCOC5C34)c1c2cccc1,57-24-9
,-3.33,Brc1cc(C#N)cc(Br)c1O,1689-84-5
,-3.35,CCOP(OCC)(N2C(c1ccccc1C2=O)=O)=S,5131-24-8
,-3.36,c12c(cccn3)c3ccc1cccc2,85-02-9
,-3.36,S=C(N1)NC(C(C(C)CCC)(CC)C1=O)=O,76-75-5
,-3.37,,81-25-4
,-3.37,CCN(C=C1C(O)=O)c(nc(C)cc2)c2C1=O,389-08-2
,-3.37,C1(CN2CCC1CC2(C(c3ccnc4c3cc(cc4)OC)(O)))C=C,56-54-2
,-3.37,CCCc1ccccc1,103-65-1
,-3.37,,76674-21-0
,-3.39,CCCCCCCC(OC)=O,111-11-5
,-3.39,S=C(SCC(Cl)=C)N(CC)CC,95-06-7
,-3.39,O=C(NS(c1ccc(C)cc1)(=O)=O)NCCCC,64-77-7
,-3.4,,1668-19-5
,-3.4,O=C(O)CCCCCCCCC=C,112-38-9
,-3.4,Cc1cc(C)cc(C)c1,108-67-8
,-3.42,CCOC2Oc1ccc(cc1C2(C)C)OS(C)(=O)=O,26225-79-6
,-3.43,O=C1CCC2(C)C(CCC3C2(F)C(O)CC4(C)C3CCC4(O)C(CO)=O)=C1,127-31-1
,-3.43,O=C(Nc1cc(C(F)(F)F)ccc1)N(C)C,2164-17-2
,-3.44,CCCCCCCCCC(O)=O,334-48-5
,-3.46,S=C(N1)NC(C(C(C)CCC)(CC=C)C1=O)=O,77-27-0
,-3.48,,382-45-6
,-3.48,O=C(c1ccccc1)OCCCC,136-60-7
,-3.48,Oc1ccc(c2ccccc2)cc1,92-69-3
,-3.5,Brc(cccc1)c1Br,583-53-9
,-3.51,O=S(Nc1ncccn1)(c2ccc(N)cc2)=O,68-35-9
,-3.51,c1(Nc2ccccc2)ccccc1,122-39-4
,-3.52,C1CCCCCC1,291-64-5
,-3.52,O=C(Nc1cc(Cl)c(Cl)cc1)N(C)OC,330-55-2
,-3.52,Cc1cc(Br)ccc1,591-17-3
,-3.52,Cc(cccc1)c1Cl,95-49-8
,-3.54,O=N(c1c(cccc2)c2ccc1)=O,86-57-7
,-3.55,CC(C)(C)CC,75-83-2
,-3.57,O=C(N(CC)CC)C(Oc1cccc2c1cccc2)C,15299-99-7
,-3.59,O=S(N(C(C)=O)c1c(C)c(C)no1)(c(cc2)ccc2N)=O,80-74-0
,-3.59,O=S2(c1cc(S(N)(=O)=O)c(C(F)(F)F)cc1NC(Cc3ccccc3)N2)=O,73-48-3
,-3.59,Clc1c(Cl)cc(Cl)cc1,120-82-1
,-3.59,O=C(c(cccc2)c2O)Nc1ccccc1,87-17-2
,-3.6,c12ccccc1cccc2,91-20-3
,-3.6,Clc(cccc1)c1C(c(cc(Cl)cc3)c3NC2=O)=NC2O,846-49-1
,-3.61,Oc1c(I)cc(C#N)cc1I,1689-83-4
,-3.61,O=C(C(C)(C)C)C(n2cncn2)Oc1ccc(Cl)cc1,43121-43-3
,-3.63,CCCCCCCCCCO,112-30-1
,-3.63,Brc1ccc(Cl)cc1,106-39-8
,-3.64,O=C1C=CC2(C)C(CCC3C2(F)C(O)CC4(C)C3CC(C)C4(O)C(CO)=O)=C1,50-02-2
,-3.64,CC(CCC(O)=O)C3CCC4C2C(O)CC1CC(O)CCC1(C)C2CCC34C,474-25-9
,-3.66,CNCCCN1c3c(cccc3)CCc2c1cccc2,50-47-5
,-3.66,C#CCCCCCC,629-05-0
,-3.67,ClC(Cl)(Cl)C(Cl)(Cl)Cl,67-72-1
,-3.67,Clc1c(ccc(Cl)c1)OCCCC(O)=O,94-82-6
,-3.68,Cc1cc2c(N=C(C(N3)=O)C(N2CC(O)C(O)C(O)CO)=NC3=O)cc1C,83-88-5
,-3.68,O=S(NC(NN2CCCCCC2)=O)(c1ccc(C)cc1)=O,1156-19-0
,-3.69,O=C1C=CC2(C)C(CCC3C2(F)C(O)CC4(C)C3CC(O)C4(O)C(CO)=O)=C1,124-94-7
,-3.69,CC12C(CCC(C3(CCC4=O))C2CCC34C)=CC(CC1)=O,63-05-8
,-3.7,O=C(c2ccccc2)c1cccc(C(C(O)=O)C)c1,22071-15-4
,-3.7,O=S(Nc1cnccn1)(c(cc2)ccc2N)=O,116-44-9
,-3.71,O=C(CC)N(c2ccccc2)C1(COC)CCN(CCc3cccs3)CC1,56030-54-7
,-3.73,,129-20-4
,-3.74,CC(C)CCC,107-83-5
,-3.75,CCc1ccc(CC)cc1,105-05-5
,-3.75,O=NN(c2ccccc2)c1ccccc1,86-30-6
,-3.77,O=C(OC)C(Cl)Cc1ccc(Cl)cc1,14437-17-3
,-3.77,Cc1cc(cccc2)c2cc1,91-57-6
,-3.78,,17560-51-9
,-3.79,,14293-44-8
,-3.8,O=C2CN=C(c3ccccc3)c1cc(N(=O)=O)ccc1N2C,2011-67-8
,-3.81,CCOc2ccc1nc(S(N)(=O)=O)sc1c2,452-35-7
,-3.81,,50-33-9
,-3.81,BrCCCCCC,111-25-1
,-3.82,,83-49-8
,-3.84,c1cc(OCCCC)ccc1C(=O)OCCN(CC)CC,#3772-43-8
,-3.89,CC(CC)c1ccccc1,135-98-8
,-3.93,Clc1c(cccc2)c2ccc1,90-13-1
,-3.95,CCCCCCOC(c1ccc(N)cc1)=O,13476-55-6
,-3.95,Oc1c(cc(Cl)cc1)Cc(cc(Cl)cc2)c2O,97-23-4
,-3.96,c12cccc(C=C3)c1c3ccc2,208-96-8
,-3.96,CC34CCC2c1c(CCC2C3CCC4=O)cc(O)cc1,53-16-7
,-3.97,Cc1c(ccc3c2nccc3C)c2ncc1,3248-05-3
,-3.98,OC4CCN(CC4)CCCN2c1ccccc1Sc3c2cc(C#N)cc3,2622-26-6
,-3.99,,15687-27-1
,-4,,886-50-0
,-4,CC1=CCC(C(C)=C)CC1,5989-27-5
,-4.02,Oc1c(Cl)c(Cl)c(Cl)c(Cl)c1OC,2539-17-5
,-4.04,O=C1C(Cl)=C(NC)C=NN1c2cc(C(F)(F)F)ccc2,27314-13-2
,-4.06,CCNc1nc(N(CC)CC)nc(Cl)n1,1912-26-1
,-4.08,O=C(SCC(Cl)=CCl)N(C(C)C)C(C)C,2303-16-4
,-4.08,Clc1cc(C(c4ccccc4Cl)=NCc3nnc(C)n23)c2cc1,28911-01-5
,-4.1,CCCCCCCCCC(OCC)=O,110-38-3
,-4.1,C34C2CC(C)C1=CC(C=CC1(C)C2(F)C(O)CC3(C)C(C(C)=O)(O)CC4)=O,426-13-1
,-4.11,,1982-49-6
,-4.11,O=C(C(C1=O)C(c2ccccc12)=O)C(C)(C)C,83-26-1
,-4.12,CC(C)Cc1ccccc1,538-93-2
,-4.12,CC(C3=CC2)(CCC(O)C3)C1C2C(CCC4=O)C4(C)CC1,53-43-0
,-4.14,Cc1c(cccc2)c2c(C)cc1,571-58-4
,-4.14,Clc2cc1ccccc1cc2,91-58-7
,-4.15,CC(C)(c1ccccc1)CC,2049-95-8
,-4.15,OCCN(CC4)CCN4CCCN1c3c(ccc(C(F)(F)F)c3)Sc2c1cccc2,69-23-8
,-4.16,,14214-32-5
,-4.16,COc1ccc2c(ccc(C(C)C(O)=O)c2)c1,22204-53-1
,-4.16,CCCCc1c(OS(=O)(N(C)C)=O)nc(NCC)nc1C,41483-43-6
,-4.16,Clc4cc1c(cc4)Sc3c(cccc3)N1CCCN2CCN(CCO)CC2,58-39-9
,-4.16,CC(C3CC2)(CCC(O)C3)C1C2C(CCC4=O)C4(C)CC1,481-29-8
,-4.17,CCc1c(cccc2)c2ccc1,1127-76-0
,-4.17,c1(Cc2ccccc2)ccccc1,101-81-5
,-4.18,OC1(C(OC)=O)c3c(ccc(Cl)c3)c2c1cccc2,2536-31-4
,-4.19,,50-49-7
,-4.19,O=C(CCl)N(c(c(CC)ccc1)c1CC)COCCCC,23184-66-9
,-4.19,ClC(Cl)(Cl)C(N1CCN(C(NC=O)C(Cl)(Cl)Cl)CC1)NC=O,26644-46-2
,-4.2,CC(OP(OC(C)C)(SCCNS(=O)(c1ccccc1)=O)=S)C,741-58-2
,-4.21,O=S(NC(NC2CCCCC2)=O)(c(cc1)ccc1C)=O,664-95-9
,-4.21,,15310-01-7
,-4.22,CC(CN(C)C)CN1c(cc3OC)c(cc3)Sc2c1cccc2,60-99-1
,-4.22,Nc1c(cc2ccccc2n3)c3ccc1,578-06-3
,-4.23,S=P(OCC)(OCC)SCCSCC,298-04-4
,-4.24,O=C(Oc1cc(C(C)(C)C)cc(C(C)(C)C)c1)NC,2655-19-8
,-4.24,N#Cc(c(Cl)ccc1)c1Cl,1194-65-6
,-4.24,C#CCCCCCCC,3452-09-3
,-4.25,CCC1CCCCC1,1678-91-7
,-4.26,CC(C)CC(C)C,108-08-7
,-4.27,CC1C(C)CCCC1,2207-01-4
,-4.29,Cc1c(cccc2)c2cc(C)c1,575-41-7
,-4.3,CC(OCC(C4(O)CCC3C2CCC1=CC(CCC1(C)C2C(O)CC34C)=O)=O)=O,50-03-3
,-4.31,O=C2Oc1c(C=C2)ccc(OC)c1CC=C(C)C,484-12-8
,-4.31,O=C(O)CCCCCCCCCCCCCC,1002-84-2
,-4.31,c1(c2ccccc2)ccccc1,92-52-4
,-4.33,CC(CCCC1)C1C,6876-23-9
,-4.35,Brc2cccc1ccccc12,90-11-9
,-4.35,,547-75-1
,-4.35,Oc1ccc(C(CC)=C(CC)c2ccc(O)cc2)cc1,56-53-1
,-4.36,O=C(O)c2c(cccc2)Nc1cc(C(F)(F)F)ccc1,530-78-9
,-4.37,O=C1C=CC2(C)C(CCC3C2C(O)CC4(C)C3CCC4(O)C(COC(C)=O)=O)=C1,52-21-1
,-4.37,,101-27-9
,-4.4,OC1CCC2(C)C(CCC3C2CCC4(C)C3CCC4=O)C1,53-41-8
,-4.4,Brc1cc(cccc2)c2cc1,580-13-2
,-4.4,Clc4cc1c(cc4)Sc3c(cccc3)N1CCCN2CCN(C)CC2,58-38-8
,-4.4,O=C(OCCCC)c1ccccc1C(OCCCC)=O,84-74-2
,-4.43,O=C1CCC2(C)C(CCC3C2CCC4(C)C3CCC4C(C)=O)=C1,57-83-0
,-4.43,CC(C)Nc1nc(NC(C)C)nc(Cl)n1,139-40-2
,-4.44,O=C1C(c3cc(C(F)(F)F)ccc3)=CN(C)C=C1c2ccccc2,59756-60-4
,-4.44,CCCCCCC=C,111-66-0
,-4.45,c1(N=Nc2ccccc2)ccccc1,103-33-3
,-4.46,,853-23-6
,-4.46,,3380-34-5
,-4.47,CC1CCC(C)CC1,589-90-2
,-4.49,Fc(cc(C(C(O)=O)C)cc2)c2c1ccccc1,5104-49-4
,-4.5,Brc(cc(Br)cc1)c1Br,615-54-3
,-4.51,ClC1C(Cl)C(Cl)C(Cl)C(Cl)C1Cl,319-86-8
,-4.53,CCCCCCC,142-82-5
,-4.54,Clc(cccc2)c2c1ccccc1,2051-60-7
,-4.55,CCNc1nc(NCC)nc(Cl)n1,122-34-9
,-4.57,Clc(c(Cl)ccc1Cl)c1Cl,634-66-2
,-4.57,O=C1CCC2C(CCC3C2CCC4(C)C3CCC4(C#C)O)=C1,68-22-4
,-4.6,CCCCCCCOC(c1ccc(N)cc1)=O,14309-40-1
,-4.6,S=C=Nc1cccc2c1cccc2,551-06-4
,-4.6,c13c(cccc3)oc2c1cccc2,132-64-9
,-4.61,Clc1c(OC)cc(OC)c2c1OC(C(OC)=CC3=O)(C(C)C3)C2=O,126-07-8
,-4.62,Clc(cc3)ccc3C(n2c(C)c(CC(O)=O)c1cc(OC)ccc12)=O,53-86-1
,-4.62,CCCCCCCCCCCC(O)=O,143-07-7
,-4.63,CCCCCCCCCC(OC)=O,110-42-9
,-4.63,Clc(c(Cl)cc(Cl)c1)c1Cl,634-90-2
,-4.63,c12cccc(CC3)c1c3ccc2,83-32-9
,-4.64,CCCCCc1ccccc1,538-68-1
,-4.66,O=C(c(cccc1)c1C(OCC(C)C)=O)OCC(C)C,84-69-5
,-4.67,CCCCCCCCCCCCO,112-53-8
,-4.69,CCCCCCCCCCCC(OC)=O,111-82-0
,-4.7,CC(OCCN4CCN(CC4)CCCN2c1c(Sc3ccc(cc23)Cl)cccc1)=O,84-06-0
,-4.7,,50-65-7
,-4.71,O=C1CCC2(C)C(CCC3C2CCC4(C)C3CCC4(O)C(C)=O)=C1,68-96-2
,-4.71,O=C1C=CC2(C)C(CCC3C2(F)C(O)CC4(C)C3CC(C)C4(OC(CCCC)=O)C(CO)=O)=C1,2152-44-5
,-4.74,CCCC1CCCC1,2040-96-2
,-4.74,,60-89-9
,-4.74,Cc1c(cccc2C)c2ccc1,571-61-9
,-4.77,O=C(Nc1cc(Cl)c(Cl)cc1)N(C)CCCC,555-37-3
,-4.81,CCCCCCCI,4282-40-0
,-4.85,,28299-41-4
,-4.86,S=C(SSC(N(CC)CC)=S)N(CC)CC,97-77-8
,-4.88,Clc1cccc(c2ccccc2)c1,2051-61-8
,-4.9,O=C1C=CC2(C)C(CCC3C2(F)C(O)CC4(C)C3CC(C)C4(OC(C)=O)C(CO)=O)=C1,1177-87-3
,-4.91,c1(cccc3)c3Cc2c1cccc2,86-73-7
,-4.92,Clc1cc(c2cc(Cl)c(N)cc2)ccc1N,91-94-1
,-4.92,Cc1ccc(c2c1cccc2C)C,2131-41-1
,-4.93,CC(OC(C(c1ccc(Br)cc1)(c2ccc(Br)cc2)O)=O)C,18181-80-1
,-4.95,CC=C(c1ccc(O)cc1)C(c2ccc(O)cc2)=CC,84-17-3
,-4.95,CC1(CC2)C(OC(C)=O)(C(C)=O)CCC1C(C=C3Cl)C2C(C=C4)(C)C3=CC4=O,13698-49-2
,-4.97,c1(cccc3)c3[nH]c2c1cccc2,86-74-8
,-4.98,Clc1cc(Cl)c(Cl)c2nsnc12,1982-55-4
,-5.01,CN(C)CCCN1c(cc(Cl)cc3)c3Sc2c1cccc2,50-53-3
,-5.03,O=C(C(NC(C(Cl)Cl)=O)=C2Cl)c(cccc1)c1C2=O,27541-88-4
,-5.04,Brc1c(Br)cccc1Br,608-21-9
,-5.05,C=CCCCCCCC,124-11-8
,-5.06,CCCCCCCCBr,111-83-1
,-5.06,OC(CCC(c1ccc(c2ccccc2)cc1)=O)=O,36330-85-5
,-5.09,COc1ccc(cc1C(NCCc2ccc(S(=O)(NC(NC3CCCCC3)=O)=O)cc2)=O)Cl,10238-21-8
,-5.14,O=P(SCCCC)(SCCCC)SCCCC,78-48-8
,-5.15,,475-31-0
,-5.17,Nc3cc2cc1ccccc1cc2cc3,613-13-8
,-5.18,ClC1(C(Cl)=C(Cl)C(Cl)=C1Cl)Cl,77-47-4
,-5.19,O=C(OC(C)C)C=C(C)C=CCC(C)CCCC(OC)(C)C,40596-69-8
,-5.19,O=C(c2c1cccc2)c(cccc3)c3C1=O,84-65-1
,-5.21,Clc(cccc2Cl)c2c1ccccc1,33146-45-1
,-5.22,,6893-02-3
,-5.22,Cc1c(Cc3ccccc23)c2ccc1,1730-37-6
,-5.24,CCCCCCCC,111-65-9
,-5.25,Clc(cc(Cl)cc2)c2c1ccccc1,33284-50-3
,-5.27,CC(C3(CCC4C2C=C(C1=CC(CCC1(C2CCC34C)C)=O)C)C)=O,977-79-7
,-5.27,Clc(cccc2)c2c1ccccc1Cl,13029-08-8
,-5.28,Oc1cc(CC=C3C2CCC4(C)C3CCC4=O)c2cc1,474-86-2
,-5.28,,34883-43-7
,-5.3,CN(CCCN2c1ccccc1Sc3c2cc(C(F)(F)F)cc3)C,146-54-3
,-5.31,c1(cccc3)c3Oc(cccc2)c2O1,262-12-4
,-5.33,O=C(O)CCCCCCCCCCCCC,544-63-8
,-5.35,CC(OC(C12C)(CCC1C(C=C(C)C3=CC4=O)C(C3(CC4)C)CC2)C(C)=O)=O,595-33-5
,-5.37,O=C1CCC2(C)C(CCC3C2CCC4(C)C3CCC4OC(CC)=O)=C1,57-85-2
,-5.4,O=C(c(cc1)ccc1N)OCCCCCCCC,14309-41-2
,-5.4,c1(c2nc(cccc4)c4cc2)nc(cccc3)c3cc1,119-91-5
,-5.4,,2939-80-2
,-5.41,,2363-58-8
,-5.43,Clc1c2c(nccn2)c(Cl)c(Cl)c1Cl,3495-42-9
,-5.46,Clc1c(Oc2ccc(N(=O)=O)cc2)ccc(Cl)c1,1836-75-5
,-5.47,Nc1c(C(F)(F)F)cc(N(=O)=O)c(N(CC)CC)c1N(=O)=O,29091-05-2
,-5.47,CN(C=Nc(ccc(C)c2)c2C)C=Nc(ccc(C)c1)c1C,33089-61-1
,-5.51,,508-96-3
,-5.53,FC(F)(F)c1cc(N(=O)=O)c(N(CC)CCCC)c(N(=O)=O)c1,1861-40-1
,-5.54,S=P(OCC)(OCC)SCSP(OCC)(OCC)=S,563-12-2
,-5.54,,20168-99-4
,-5.64,O=C(OCc2ccccc2)c1ccccc1C(OCCCC)=O,85-68-7
,-5.64,ClC13C(Cl)=C(Cl)C(C3(Cl)Cl)(Cl)C2C1C=CC2,3734-48-3
,-5.65,Clc(c(Cl)cc(Cl)c1Cl)c1Cl,608-93-5
,-5.66,O=C1CCC2(C)C(CCC3C2CCC4(C)C3CCC4(C#C)O)=C1,434-03-7
,-5.68,CCCCCCCCCCCCCCCCCC(O)=O,57-11-4
,-5.69,CC(Oc1cc(N2N=C(C(C)(C)C)OC2=O)c(cc1Cl)Cl)C,19666-30-9
,-6.7,CC12C(CC3)C(CCC1CCCC2)C(CC4)C3(C)C4=O,36378-49-1
,-5.72,S=P(OC)(OC)Oc(cc(Cl)c(Cl)c1)c1Cl,299-84-3
,-5.82,O=N(c(c(Cl)c(Cl)c(Cl)c1Cl)c1Cl)=O,82-68-8
,-6,c24c(cccc4)c1cccc3c1c2ccc3,206-44-0
,-6.01,Clc1cc(c2cc(Cl)ccc2Cl)ccc1,38444-81-4
,-6.02,O=C(NC(Nc2ccc(Cl)cc2)=O)c1c(F)cccc1F,35367-38-5
,-6.05,CCCCCCCCCCCCCCO,112-72-1
,-6.14,Clc1cc(Cl)c(c2ccccc2)c(Cl)c1,35693-92-6
,-6.19,c1(ccc3ccc4)cccc2ccc4c3c12,129-00-0
,-6.2,Nc(c4c3cccc4)cc1c3ccc2c1cccc2,2642-98-0
,-6.25,Clc(ccc(Cl)c2)c2c1ccc(Cl)cc1,16606-02-3
,-6.26,Clc1ccc(c2cccc(Cl)c2Cl)cc1,38444-85-8
,-6.27,Clc(cc(Cl)c(Cl)c2)c2c1ccccc1,15862-07-4
,-6.29,ClC12C3C(C4C(O5)C5C3C4)C(C2(Cl)Cl)(Cl)C(Cl)=C1Cl,60-57-1
,-6.29,Clc(cccc2)c2c1ccc(Cl)c(Cl)c1,38444-86-9
,-6.34,S=P(OCC)(OCC)SC(CCl)N1C(c(cccc2)c2C1=O)=O,10311-84-9
,-6.35,c12ccccc1cc3c(cccc3)c2,120-12-7
,-6.36,ClC(Cl)=C(c1ccc(Cl)cc1)c(cccc2)c2Cl,3424-82-6
,-6.39,Clc1cc(c2ccccc2)ccc1Cl,2974-92-7
,-6.47,Clc1ccc(Cl)c(c2cccc(Cl)c2Cl)c1,41464-39-5
,-6.51,,53-19-0
,-6.56,Clc1ccc(c2ccc(Cl)cc2)cc1,2050-68-2
,-6.57,Clc1ccc(Cl)cc1c2c(Cl)cc(Cl)cc2,41464-40-8
,-6.57,Cc(c2c1cccc2)c(cccc3)c3c1C,781-43-1
,-6.62,S=P(OC)(OC)Oc1c(Cl)cc(I)c(Cl)c1,18181-70-9
,-6.68,,238-84-6
,-6.74,c1(cccc3)c3c(cccc4)c4c2c1cccc2,217-59-4
,-6.8,Clc(cc2)c(cc2Cl)c1c(Cl)cccc1Cl,41464-41-9
,-6.89,CCc3cc2cc1ccccc1cc2cc3,52251-71-5
,-6.9,ClC(Cl)=C(c2ccc(Cl)cc2)c1ccc(Cl)cc1,72-55-9
,-6.96,Cc1cc(cc(cccc3)c3c2)c2cc1,613-12-7
,-7.02,Cc1c(c(cccc4)c4cc3)c3c(C)c2c1cccc2,57-97-6
,-7.11,c1(c2ccc(c3ccccc3)cc2)ccccc1,92-94-4
,-7.2,ClC(Cl)C(c2ccc(Cl)cc2)c1ccc(Cl)cc1,72-54-8
,-7.21,,55312-69-1
,-7.25,Clc(ccc(Cl)c2)c2c1ccc(Cl)c(Cl)c1,32598-11-1
,-7.28,Clc1c(Cl)cccc1c2c(Cl)c(Cl)ccc2,38444-93-8
,-7.32,,512-04-9
,-7.32,Clc2c(c(Cl)cc(Cl)c2)c1c(Cl)cccc1Cl,56558-16-8
,-7.39,Clc(cc(Cl)c(Cl)c2)c2c1ccc(Cl)c(Cl)c1,31508-00-6
,-7.39,Clc(cccc2Cl)c2c1c(Cl)cccc1Cl,15968-05-5
,-7.42,c2(cc4)c([nH]c3c(cccc5)c5ccc23)c1c4cccc1,239-64-5
,-7.42,Clc1c(c2cc(Cl)ccc2Cl)c(Cl)c(Cl)cc1Cl,52663-63-5
,-7.43,,55215-17-3
,-7.66,,74472-42-7
,-7.68,Clc1ccc(Cl)c(c2cc(Cl)c(Cl)c(Cl)c2Cl)c1,52712-04-6
,-7.8,Clc1ccc(c2ccc(c(Cl)c2)Cl)c(Cl)c1,32598-10-0
,-7.82,Clc(c(Cl)c2Cl)c(cc2Cl)c1ccc(Cl)c(Cl)c1,38380-08-4
,-7.92,Clc(c(Cl)c(Cl)c(Cl)c2Cl)c2c1ccccc1,18259-05-7
,-7.92,,52663-69-1
,-7.92,Cc(ccc2cc4c3ccc5c4cccc5)c1c2c3CC1,56-49-5
,-8,c3(ccc5c4cccc5)c4c1c2c(cccc23)ccc1,205-82-3
,-8.01,Clc1ccc(c2ccc(c(Cl)c2Cl)Cl)c(Cl)c1Cl,38380-07-3
,-8.19,,50-32-8
,-8.23,c23c4c1ccccc1c2cccc3c(cccc5)c5c4,205-99-2
,-8.4,FC(F)(F)c1cccc(C(c3ccccc3)(n4cncn4)c2ccccc2)c1,31251-03-3
,-8.56,Clc(cc(Cl)c(Cl)c2)c2c1cc(Cl)c(Cl)cc1Cl,35065-27-1
,-8.6,Clc(c(Cl)c2)c(c(Cl)c2Cl)c1c(Cl)c(Cl)ccc1,52704-70-8
,-8.71,Clc1cc(Cl)c(c2c(cc(cc2Cl)Cl)Cl)c(Cl)c1,33979-03-2
,-8.8,c14cccc2cccc(c3c5c(cccc45)ccc3)c12,198-55-0
,-8.94,,52712-05-7
,-9.15,Clc(c(Cl)cc(Cl)c2Cl)c2c1c(Cl)c(Cl)cc(Cl)c1Cl,2136-99-4
,-9.16,Clc1c(Cl)c(Cl)c(Cl)c(c2cc(Cl)c(Cl)c(Cl)c2Cl)c1,35694-08-7
,-11.62,Clc1c(c(Cl)c(c2c(c(Cl)c(c(Cl)c2Cl)Cl)Cl)c(Cl)c1Cl)Cl,2051-24-3
,1.13,CNC(N)=O,598-50-5
,1.07,O=C1CCCO1,96-48-0
,1.07,O=C1CCCN1,616-45-5
,1.06,C1COCCN1,110-91-8
,1.05,OC1COCC1,453-20-3
,1,CN1C(CCC1)=O,872-50-4
,0.96,OCc1cccnc1,100-55-0
,0.96,O=C(N)N,57-13-6
,0.96,C=CC(N)=O,79-06-1
,0.94,O=C(N(C)C)N(C)C,632-22-4
,0.84,CN(C)C,75-50-3
,0.79,CN1C(c2cccnc2)CCC1,54-11-5
,0.74,OC1OC(CO)C(O)C(O)C1O,50-99-7
,0.7,OCC(O)C(CO)O,149-32-6
,0.52,CC(OC)=O,79-20-9
,0.51,OC(C(O)=O)(CC(O)=O)CC(O)=O,77-92-9
,0.43,O=P(OCC)(OCC)OCC,78-40-0
,0.43,CC(O)CC,78-92-2
,0.38,O=C(O)C(O)=O,144-62-7
,0.38,Cc1cc(C)cnc1,591-22-0
,0.36,Cc(ccnc1)c1C,583-58-4
,0.32,NC(N)=S,62-56-6
,0.3,FC(F)(F)C(O)C,374-01-6
,0.06,Cc1nc(ncnc2)c2nc1,936-40-3
,0.01,CC(C(O)=O)=C,79-41-4
,0,CCCCO,71-36-3
,-0.02,NC(CCl)=O,79-07-2
,-0.04,CC(OCC)=O,141-78-6
,-0.06,COC(C)C,598-53-8
,-0.11,OC(CCl)CCl,96-23-1
,-0.14,O=C(OC)CC,554-12-1
,-0.17,Oc1ccc(O)cc1,123-31-9
,-0.22,OC(C(Cl)(Cl)Cl)P(OC)(OC)=O,52-68-6
,-0.24,CC(C)(C)OC,1634-04-4
,-0.35,NC(OCc1ccccc1)=O,621-84-1
,-0.36,Nc1nccs1,96-50-4
,-0.4,O=C1NC(CN1)=O,461-72-3
,-0.4,O=C(NC1=O)C(N1)=O,120-89-8
,-0.4,CC(C)(C)CO,75-84-3
,-0.4,OC(c1ccc(N)cc1)=O,150-13-0
,-0.41,Nc1ccccc1,62-53-3
,-0.41,CC(C)(O)C(C)C,594-60-5
,-0.42,CCCCOCCO,111-76-2
,-0.43,CC(OCC)OCC,105-57-7
,-0.43,OC(CCI)=O,141-76-4
,-0.46,CCCNCCC,142-84-7
,-0.47,CC(CO)CC,137-32-6
,-0.48,O=C(c1ccco1)O,88-14-2
,-0.49,CC(C)(O)CCC,590-36-3
,-0.52,CC(C)CCO,123-51-3
,-0.55,CC(OC(C)C)=O,108-21-4
,-0.55,CCOC(C)C,625-54-7
,-0.6,CCS,75-08-1
,-0.6,CCCCCO,71-41-0
,-0.62,CC(C)N(=O)=O,79-46-9
,-0.62,,83-07-8
,-0.62,Oc1ccccc1C,95-48-7
,-0.71,S=C1NCCN1,96-45-7
,-0.74,OCCc1ccccc1,60-12-8
,-0.8,O=N(=O)CCC,108-03-2
,-0.8,CC(C)CC(O)C,108-11-2
,-0.8,CC(CCCC)=O,591-78-6
,-0.81,O=C(O)C(CC)CC,88-09-5
,-0.82,OC(CCCCC(O)=O)=O,124-04-9
,-0.83,O=C1CNC(CN1)=O,106-57-0
,-0.85,CN(C(OC1=CC(CC(C)(C1)C)=O)=O)C,122-15-6
,-0.85,Cc1c(N)cccc1,95-53-4
,-0.85,CC(C)C(O)(C)CC,595-41-5
,-0.89,CC(O)(C)C(C)CC,4911-70-0
,-0.89,CC(O)CCCC,626-93-7
,-0.91,NC(c1cnccn1)=O,98-96-4
,-0.93,OC(C(CO)c1ccccc1)=O,552-63-6
,-0.94,CC(CCCC1)C1=O,583-60-8
,-0.95,NC(NCc1ccccc1)=O,538-32-9
,-0.95,CN(c1ccccc1)C(C)=O,579-10-2
,-0.96,NC(N(N=O)CC)=O,759-73-9
,-1,N#Cc1ccccc1,100-47-0
,-1.01,Oc1cccc(N(=O)=O)c1,554-84-7
,-1.04,CCC(C)(C)CO,1185-33-7
,-1.06,ClCCCl,107-06-2
,-1.06,CC(CC(C)=CC1=O)(C1)C,78-59-1
,-1.06,Oc1ccccc1Cl,95-57-8
,-1.06,CCCCCC(O)=O,142-62-1
,-1.1,CCCCCCN,111-26-2
,-1.11,CC(CO)CCC,105-30-6
,-1.12,ClCCOCCCl,111-44-4
,-1.15,OC(CC)C(C)(C)C,3970-62-5
,-1.16,O=C(c1cc(O)c(O)c(O)c1)O,149-91-7
,-1.17,C(Br)(Br),74-95-3
,-1.2,Cc1cc(O)c(cccc2)c2n1,607-67-0
,-1.21,Nc1ccc(C)cc1,106-49-0
,-1.23,Oc1ncnc2c1ncn2C3C(O)C(O)C(CO)O3,58-63-9
,-1.24,O=C(c(cc1O)cc(O)c1O)OC,99-24-1
,-1.26,OCCn1c(N(=O)=O)cnc1C,443-48-1
,-1.26,O=C(NC(C)=C1)NC1=O,626-48-2
,-1.28,Cc1cc(N)nc(C)n1,461-98-3
,-1.28,CNc1ccccc1,100-61-8
,-1.3,CCCC(CCC)=O,123-19-3
,-1.3,ClC=CCl,156-59-2
,-1.31,Cc1c(O)c(C)ccc1,576-26-1
,-1.32,BrC=CBr,590-12-5
,-1.34,CCCOC(C)C,627-08-7
,-1.35,CNC(NCCSCc1c(C)[nH]cn1)=NC#N,51481-61-9
,-1.36,C=CCCl,107-05-1
,-1.36,Nc1ccc(cc1)S(N)(=O)=O,63-74-1
,-1.39,O=C(O2)c1ccccc1C2=O,85-44-9
,-1.41,Cc(cc(O)cc1)c1C,95-65-8
,-1.41,CC(Cl)C,75-29-6
,-1.41,Oc1ccc(C(O)=O)cc1,99-96-7
,-1.42,CC1(C)C(C(O)=O)CCC1(C)C(O)=O,124-83-4
,-1.42,CN(C2C1CC5C(C(c4c(C5(O)C)cccc4O)=O)=C(C1(C(C(C(NCN3CCCC3)=O)=C2O)=O)O)O)C,751-97-3
,-1.42,CC(CC(C)C)=O,108-10-1
,-1.45,O=C(C1CCCCC1)O,98-89-5
,-1.46,S=C(NCC)NCC,105-55-5
,-1.47,NC(OCCCCC)=O,638-42-6
,-1.47,FC(F)(c1cc(N)ccc1)F,98-16-8
,-1.47,CCC(O)CCCC,589-82-2
,-1.48,O=C(NC=C1)NC1=O,66-22-8
,-1.5,C=CCBr,106-95-6
,-1.5,c12ccccc1scn2,95-16-9
,-1.5,CCCC1NCCCC1,458-88-8
,-1.52,Clc(cccc1)c1N,95-51-2
,-1.52,O=C1C(C)=CNC(N1)=O,65-71-4
,-1.54,BrC(Cl)Cl,75-27-4
,-1.56,NS(=O)(c1ccccc1)=O,98-10-2
,-1.59,CC(Br)C,75-26-3
,-1.6,NC(NC(C(N1)=O)NC1=O)=O,97-59-6
,-1.6,CCI,75-03-6
,-1.6,CCC(C)(O)CCCC,5582-82-1
,-1.6,OC(C(N)Cc1ccc(O)c(O)c1)=O,59-92-7
,-1.61,CC(c1ccc(N)cc1)=O,99-92-3
,-1.63,CC(CC(C(C)(C)C)=O)=O,7307-04-2
,-1.64,C#CCCC,627-19-0
,-1.66,O=C(OC)NS(c1ccc(N)cc1)(=O)=O,3337-71-1
,-1.66,O=C(OC)c1ccccc1C(OC)=O,131-11-3
,-1.68,O=C(c1ccccc1)NCC(O)=O,495-69-2
,-1.71,NCC(CC)CCCC,104-75-6
,-1.83,,16118-49-3
,-1.84,C12OC(C(Cl)(Cl)Cl)OC1(C(C(O2)C(O)(CO))O),15879-93-3
,-1.85,CCCCCCCN,111-68-2
,-1.85,O=C(OC)c1ccccc1,93-58-3
,-1.85,CC(CC2C1(C)C)(CC2)C1=O,4695-62-9
,-1.85,ClCCCBr,109-70-6
,-1.87,C=CC=C,106-99-0
,-1.89,O=C2C=Cc1ccccc1O2,91-64-5
,-1.89,O=C(c(cccc1)c1Cl)O,118-91-2
,-1.91,O=N(c(cccc1)c1NC(C)=O)=O,552-32-9
,-1.92,ClC(CCl)CCl,96-18-4
,-1.92,Nc2cccc1ccccc12,134-32-7
,-1.94,Cc2nc1ccccc1c(C)c2,1198-37-4
,-1.95,Nc1ncnc2c1ccn2C3OC(CO)C(C3O)O,69-33-0
,-1.96,Cc2nc1ccccc1[nH]2,615-15-6
,-1.96,COc(cccc1)c1O,90-05-1
,-1.96,C(Cl)=C(Cl)Cl,79-01-6
,-1.97,Fc1ccc(F)cc1,540-36-3
,-1.99,CC(C)=CCCC(C)(O)C=C,78-70-6
,-1.99,O=S(NC(N)=N)(c(cc1)ccc1N)=O,57-67-0
,-1.99,O=C(CC(CC2)C1(C)C)C12C,76-22-2
,-2,CCCCCC(OC)=O,106-70-7
,-2,CC(CCl)C,513-36-0
,-2,Fc1cc(F)ccc1,372-18-9
,-2.03,C=C(C=C)C,78-79-5
,-2.05,Oc1c(OC)cc(C(O)=O)cc1,121-34-6
,-2.06,CC(C)=CCCC(C)=CC=O,5392-40-5
,-2.06,O=C(N1)NC(C(CC=C)(CC=C)C1=O)=O,52-43-7
,-2.07,Cc1cccc3c1n2cnnc2S3,41814-78-2
,-2.08,BrCCCBr,109-64-8
,-2.08,CNC(ON=C1C2C(C#N)CC(C2)C1Cl)=O,15271-41-7
,-2.09,CCSCc1ccccc1OC(NC)=O,29973-13-5
,-2.1,Nc1ncc(Cc2cc(OC)c(OCCOC)c(OC)c2)c(N)n1,53808-87-0
,-2.1,C1=CCCC1,142-29-0
,-2.11,OC(C(CO)NC(C(Cl)Cl)=O)c1ccc(N(=O)=O)cc1,56-75-7
,-2.15,S=C(NC(CCC)=C1)NC1=O,51-52-5
,-2.15,CC(Br)CBr,78-75-1
,-2.16,c1(cccc2)c2[nH]nc1,271-44-3
,-2.18,O=C1CC(C(C)=C)CCC1C,619-02-3
,-2.18,CCCCS,109-79-5
,-2.21,Clc(cc(Cl)c(O)c1)c1Cl,95-95-4
,-1.99,OC1(C2(C(NC(NC2=O)=O)=O)O)C(NC(NC1=O)=O)=O,76-24-4
,-2.23,CN1C2CCC1C(C(OC)=O)C(OC(c3ccccc3)=O)C2,50-36-2
,-2.27,O=C(c1ccccc1)NC(c2ccccc2)=O,614-28-8
,-2.27,Cc1cc(C)nc(NS(=O)(c2ccc(N)cc2)=O)n1,57-68-1
,-2.28,CCCN(CCC)CCC,102-69-2
,-2.28,O=C(c1c(c(cccc2)c2C(O)=O)cccc1)O,482-05-3
,-2.29,O=C(O)COc1ccc(Cl)cc1,122-88-3
,-2.29,c12c(nc[nH]2)N=CNC1=O,68-94-0
,-2.3,BrC1CCCCC1,108-85-0
,-2.3,Nc2ccc(cc2)Cc1ccc(N)cc1,101-77-9
,-2.31,CCCCCC(OCC)=O,123-66-0
,-2.33,O=N(c(cccc1)c1C)=O,88-72-2
,-2.33,CCOc1ccccc1,103-73-1
,-2.34,,22259-30-9
,-2.36,,2032-59-9
,-2.36,CC(Nc1nnc(S(N)(=O)=O)s1)=O,59-66-5
,-2.37,Nc1ccc(N(=O)=O)cc1,100-01-6
,-2.38,Fc1c(F)cc(F)c(F)c1,327-54-8
,-2.39,Cc1cscc1,616-44-4
,-2.39,CCCCCCCCO,111-87-5
,-2.4,COc2c1occc1c(c3c2OC(C)=CC3=O)OC,82-02-0
,-2.41,CC(C)(c1ccc(O)cc1)C,98-54-4
,-2.42,Oc1c(nccc2)c2ccc1,148-24-3
,-2.46,CC(OCCCCCC)=O,142-92-7
,-2.49,CC1CCC(C(C)C)C(C1)=O,14073-97-3
,-2.49,Cc1ccc(N(=O)=O)cc1,99-99-0
,-2.51,CC(C)(Cl)CC,594-36-5
,-2.52,OC(c2ccccc2)Cc1ccccc1,614-29-9
,-2.53,CC(C(CCC(C)C1)C1O)C,89-78-1
,-2.54,ClC(Cl)=C(Cl)Cl,127-18-4
,-2.55,Brc1ccccc1,108-86-1
,-2.55,,91-01-0
,-2.57,O=C(N(OC)C)Nc1ccc(Cl)cc1,1746-81-2
,-2.57,NC(CC)Cc2c[nH]c1ccccc12,2235-90-7
,-2.57,,60-18-4
,-2.59,Oc1c(ccc(O)c1)CCCCCC,136-77-6
,-2.59,CCCCC(CCCC)=O,502-56-7
,-2.6,CC(C(N(Cl)C1=O)=O)(N1Cl)C,118-52-5
,-2.6,Cc1ccc(C(O)=O)cc1,99-94-5
,-2.61,O=C2NC(c1ccccc12)=O,85-41-6
,-2.63,OC(C(CC3CC4)N4CC3CC)c1ccnc2c1cccc2,485-65-4
,-2.63,ClC(CC)CC,616-20-6
,-2.64,O=C(N1)NC(C(CC)(C3=CC2CCC(C3)C2)C1=O)=O,3625-25-0
,-2.64,,125-33-7
,-2.67,O=C(c1ccccc1)OCCC,2315-68-6
,-2.68,ClC(Cl)C(N2)Nc1cc(Cl)c(S(N)(=O)=O)cc1S2(=O)=O,133-67-5
,-2.68,BrC(CC)(CC)C(NC(N)=O)=O,77-65-6
,-2.7,OC(C1)(COc3c2ccc(O)c3O)C2=C(C=C4O)C1=CC4=O,475-25-2
,-2.7,O=S(Nc1ccccn1)(c2ccc(N)cc2)=O,144-83-2
,-2.71,S=C1C=Nc(cncn2)c2N1,81451-15-2
,-2.75,CCCCCCCCN,111-86-4
,-2.77,CCc1ccccc1,100-41-4
,-2.77,Cc1ccc(C)cc1,106-42-3
,-2.78,O=C2c3c(ccc(O)c3O)C(c1ccccc12)=O,72-48-0
,-2.78,Ic1ccccc1,591-50-4
,-2.8,OC(c1ccc(N(=O)=O)cc1)=O,62-23-7
,-2.82,Cc1cnc(NS(=O)(c2ccc(cc2)N)=O)nc1,599-88-2
,-2.82,CC(c2ccc(O)cc2)(C)c1ccc(O)cc1,80-05-7
,-2.82,C=Cc1ccccc1,100-42-5
,-2.85,OC(c2ccccc2)C(c1ccccc1)=O,579-44-2
,-2.86,Clc(cc1C)ccc1N=CN(C)C,6164-98-3
,-2.88,CNc(cccc1)c1C(O)=O,119-68-6
,-2.92,c1(NNc2ccccc2)ccccc1,122-66-7
,-2.96,O=C(O)COc(cc(Cl)c(Cl)c1)c1Cl,93-76-5
,-2.97,O=C1CCC2(C)C(CCC3C2C(O)CC4(C)C3CCC4(O)C(CO)=O)=C1,50-23-7
,-2.98,CCN1C=C(C(c2c1nc(N3CCNCC3)nc2)=O)C(O)=O,51940-44-4
,-2.99,O=C1C=CC2(C)C(C(C)CC3C2C(O)CC4(C)C3CCC4(O)C(CO)=O)=C1,83-43-2
,-3.03,O=S(NC(NCCC)=O)(c1ccc(Cl)cc1)=O,94-20-2
,-3.03,O=C(C(C)=C1)c(cccc2)c2C1=O,58-27-5
,-3.04,ClC(F)(F)C(Cl)(Cl)F,76-13-1
,-3.04,Clc1cc(Cl)ccc1,541-73-1
,-3.04,,496-11-7
,-3.08,CC(Nc1ccc(Br)cc1)=O,103-88-8
,-3.08,Cc1ccc(Cl)cc1,106-43-4
,-3.08,O=C(O)Cc(c(Cl)ccc1Cl)c1Cl,85-34-7
,-3.1,C1CCCCC1,110-82-7
,-3.12,O=C(c2ccccc2)c1ccccc1,119-61-9
,-3.12,O=C1N(c2ccccc2)N=CC(N)=C1Br,3042-84-0
,-3.16,O=C(c(cccc1)c1O)OCCC(C)C,87-20-7
,-3.17,CCCCCCCCC=O,124-19-6
,-3.19,Brc1ccc(C)cc1,106-38-7
,-3.19,Brc(cccc1)c1Cl,694-80-4
,-3.21,CC(CC=CC=CC=CC=CC(OC4OC(C)C(O)C(N)C4O)CC(C(C(O)=O)C(O)C3)OC3(O)CC(O)CC(O2)C2C=C1)OC1=O,7681-93-8
,-3.21,O=C1C=CC2(C)C(CCC3C2C(O)CC4(C)C3CCC4(O)C(CO)=O)=C1,50-24-8
,-3.22,O=C(NCC2)N2c1ncc(N(=O)=O)s1,61-57-4
,-3.24,CC(C)CC=C,691-37-2
,-3.27,Clc1ccc(Cl)cc1,106-46-7
,-3.27,CC(CCC1C(N(c3ccccc3)N(c2ccccc2)C1=O)=O)=O,853-34-9
,-3.28,Oc1c(c2c(cc1)CC3(C45))OC(C24CCN3C)(C(C=C5)O),57-27-2
,-3.29,CCC2NC(c1cc(S(N)(=O)=O)c(cc1N2)Cl)=O,73-49-4
,-3.3,CCCCCCCCOC(N)=O,2029-64-3
,-3.35,O=C(SCCC)N(CCCC)CC,1114-71-2
,-3.38,CC(c(cc(N(=O)=O)cc1N(=O)=O)c1O)CC,88-85-7
,-3.38,O=C(OC(C)C)Nc1cccc(Cl)c1,101-21-3
,-3.39,O=C(OCC)CCCCCCC,106-32-1
,-3.4,O=C(SCC)N(C1CCCCC1)CC,1134-23-2
,-3.46,,94-62-2
,-3.46,Ic1c([nH]c(I)c1I)I,87-58-1
,-3.54,Brc1cc(Br)ccc1,108-36-1
,-3.54,,34123-59-6
,-3.55,O=C(O)CCCCCCCCCC,112-37-8
,-3.59,OC(CC1CCC2C3CC4)CCC1(C)C2C(O)CC3(C)C4=O,514-17-0
,-3.62,Oc(c(O)c3)ccc3C2CC(c1c(O)cc(O)cc1O2)=O,552-58-9
,-3.66,COc1c(OC3=O)c(C=C3)cc2c1occ2,298-81-7
,-3.66,,548-00-5
,-3.66,O=C(c(cc(S(N)(=O)=O)c(Cl)c2)c2NCc1ccco1)O,54-31-9
,-3.66,CC(C)(c1ccccc1)C,98-06-6
,-3.67,c12ccccc1nc3c(cccc3)c2,260-94-6
,-3.68,CC(CC)CC,96-14-0
,-3.68,O=C(SCC)N(CC(C)C)CC(C)C,2008-41-5
,-3.68,S=P(OC)(OC)Oc1ccc(N(=O)=O)cc1,298-00-0
,-3.68,Nc1ccc(c3nc2ccc(C)cc2s3)cc1,92-36-4
,-3.7,CCCCOc2cc(C(NCCN(CC)CC)=O)c1ccccc1n2,85-79-0
,-3.7,Cc1c(cccc2)c2ccc1,90-12-0
,-3.74,O=S(Nc1nnc(C(C)(C)C)s1)(c2ccc(cc2)N)=O,535-65-9
,-3.75,O=C1CCC2(C)C(CCC3C2CCC4(C)C3CCC4C(CO)=O)=C1,64-85-7
,-3.76,Clc1nc(C(Cl)(Cl)Cl)ccc1,1929-82-4
,-3.77,CC(c1ccc(C)cc1)C,99-87-6
,-3.77,O=C1C=CC2(C)C(CCC3C2(F)C(O)CC4(C)C3CC(C)C4(O)C(CO)=O)=C1,378-44-9
,-3.78,Cc1c(C)c(Nc2c(C(O)=O)cccc2)ccc1,61-68-7
,-3.8,O=C2CN=C(c3ccccc3)c1cc(N(=O)=O)ccc1N2,146-22-5
,-3.8,O=C(OCC)CCCCCCCC,123-29-5
,-3.8,,514-10-3
,-3.8,Cc1cc(S(=O)(c2ccccc2)=O)ccc1NS(=O)(C(F)(F)F)=O,37924-13-3
,-3.82,CCCCC=CC,14686-13-6
,-3.84,CCCCCC,110-54-3
,-3.85,C1C(=O)C=C2CCC3C4CCC(C(=O)CO)C4(C5O)CC(O5)C3C2(C)C1,52-39-1
,-3.85,CC1CCCCC1,108-87-2
,-3.88,COC(=O)Nc2nc1ccc(cc1[nH]2)C(=O)c3ccccc3,31431-39-7
,-3.89,CC(CC(c1ccccc1)C(C2=O)=C(c(cccc3)c3O2)O)=O,81-81-2
,-3.9,S=C(SSC(N(C)C)=S)N(C)C,137-26-8
,-3.9,CC(N(C(Nc1ccc(Cl)cc1)=O)C)C#C,3766-60-7
,-3.94,CN2c1ccccc1Sc3c2cc(CC(O)=O)cc3,13993-65-2
,-3.95,OC1CCC2(C)C(CCC3C2CC(O)C4(C)C3CCC4C(C)CCC(O)=O)C1,83-44-3
,-3.96,,101-84-8
,-3.99,CCCCCCCCl,629-06-1
,-3.99,O=C1CCC2(C)C(CCC3C2CCC4(C)C3CCC4(C)O)=C1,58-18-4
,-4,Cc(c(C)cc(C)c1C)c1C,700-12-9
,-4,,50-04-4
,-4,Clc(c(Cl)ccc1)c1Cl,87-61-6
,-4.04,S=P(OC)(OC)Oc1cc(C)c(N(=O)=O)cc1,122-14-5
,-4.06,CCCCc1ccccc1,104-51-8
,-4.07,Brc1ccc(Br)cc1,106-37-6
,-4.1,CC(C)Nc1nc(NC(C)C)nc(SC)n1,7287-19-6
,-4.11,S=P(OCC)(OCC)SCSCC,298-02-2
,-4.11,COc2ccc1C(C3N(CCc5c3cc4OCOc4c5)C)OC(c1c2OC)=O,118-08-1
,-4.13,O=C1C=CC2(C)C(CCC3C2(F)C(O)CC4(C)C3CC(OC(C)=O)C4(O)C(COC(C)=O)=O)=C1,67-78-7
,-4.15,C1CCCCCCC1,292-64-8
,-4.16,CN2S(c1ccccc1C(O)=C2C(Nc3ncccc3)=O)(=O)=O,36322-90-4
,-4.17,OC(c1cccnc1Nc2cccc(C(F)(F)F)c2)=O,4394-00-7
,-4.23,ClC(=C(C=C(Cl)Cl)Cl)Cl,55880-77-8
,-4.26,CC(N(C)C)CN1c3c(cccc3)Sc2c1cccc2,60-87-7
,-4.28,O=C1CCC2(C)C(CC(SC(C)=O)C3C2CCC4(C)C3CCC45OC(CC5)=O)=C1,52-01-7
,-4.28,Oc1c(Cl)c(Cl)c(Cl)c(Cl)c1Cl,87-86-5
,-4.29,,128-13-2
,-4.29,CCc1cc(cccc2)c2cc1,939-27-5
,-4.3,Oc1cc(CCC3C2CCC4(C)C3CCC4(C#C)O)c2cc1,57-63-6
,-4.3,CN(C)CCCN1c3c(cccc3)Sc2c1cccc2,58-40-2
,-4.31,COP(OC)(Oc1c(Cl)cc(N(=O)=O)cc1)=S,2463-84-5
,-4.32,O=C1C=CC2(C)C(CCC3C2(F)C(O)CC4(C)C3CC5C4(OC(C)(C)O5)C(CO)=O)=C1,76-25-5
,-4.38,c1(cccc3)c3sc2c1cccc2,132-65-0
,-4.38,OC(c2c(Cl)cccc2)(c3cncnc3)c1ccc(Cl)cc1,60168-88-9
,-4.42,O=C(C(c(cc(OC)c(OC)c4)c4OC3)C3O2)c1c2c(CC(C(C)=C)O5)c5cc1,83-79-4
,-4.43,,5635-50-7
,-4.43,O=C(CCCN2CCC(c3ccc(Cl)cc3)(O)CC2)c1ccc(F)cc1,52-86-8
,-4.43,CCCCCCCBr,629-04-9
,-4.46,,50-48-6
,-4.47,O=N(c(c(C)c1N(=O)=O)c(c(C(C)(C)C)c1)OC(C)=O)=O,2487-01-6
,-4.48,Clc1cc(Cl)cc(Cl)c1,108-70-3
,-4.48,CC1(CC(C)CC1)C,4516-69-2
,-4.52,FC(F)(F)c4cc1c(cc4)Sc3c(cccc3)N1CCCN2CCN(C)CC2,117-89-5
,-4.53,,5836-10-2
,-4.57,S=P(OC)(OC)Oc1cc(C)c(SC)cc1,55-38-9
,-4.58,CC2(C=C3)C(C(O)C1)C(CCC2=CC3=O)C(CC4)C1(C)C4(O)C(COC(C(C)(C)C)=O)=O,1107-99-9
,-4.61,O=C1c(cccc2)c2N=C(c3ccccc3)O1,1022-46-4
,-4.62,c1(CCc2ccccc2)ccccc1,103-29-7
,-4.63,CC(C2C(COC(C)=O)=O)(CC1)C(CC2)C(CCC3=CC4=O)C1C3(CC4)C,56-47-3
,-4.65,OC(C4)CCC1(C)C4=CCC2C1CCC3(C)C2CCC3C(C)=O,145-13-1
,-4.72,Cc1cc(cccc2)c2cc1C,581-40-8
,-4.73,Oc2c3c(cccc3)cc1ccccc12,529-86-2
,-4.79,CC(=O)OC3(CCC4C2CCC1=CC(=O)CCC1C2CCC34C)C#C,51-98-9
,-4.82,Clc1cc(Cl)c(OP(OC)(OC)=S)nc1Cl,5598-13-0
,-4.84,CC34CCC2c1c(CCC2C3CCC4O)cc(O)cc1,57-91-0
,-4.88,O=C(SCC(Cl)=C(Cl)Cl)N(C(C)C)C(C)C,2303-17-5
,-4.89,,1982-47-4
,-4.89,Cc2cc1ccc(C)cc1cc2,581-42-0
,-4.91,ClC(C(Cl)=C(Cl)Cl)=C(Cl)Cl,87-68-3
,-5.16,NS(c1cc(N(=O)=O)c(N(CCC)CCC)c(N(=O)=O)c1)(=O)=O,19044-88-3
,-5.2,Clc1ccc(c2ccccc2)cc1,2051-62-9
,-5.21,CCCCCCc1ccccc1,1077-16-3
,-5.24,Oc1cc(ccc3c2CCC4(C)C3CCC4=O)c2cc1,517-09-9
,-5.24,,26002-80-2
,-5.26,c1(c(cccc3)c3cc2)c2cccc1,85-01-8
,-5.38,CC(c1c(O2)cc(OP(OCC)(OCC)=S)cc1)=C(C2=O)Cl,56-72-4
,-5.46,OC1C=CC2C1C3(C(Cl)=C(C2(C3(Cl)Cl)Cl)Cl)Cl,#2597-11-7
,-5.64,N#Cc1c(Cl)c(Cl)c(Cl)c(C#N)c1Cl,1897-45-6
,-5.68,O=N(=O)c1cc(C(F)(F)F)cc(N(=O)=O)c1N(CCC)CCC,1582-09-8
,-5.74,S=P(OCC)(OCC)SCSc1ccc(Cl)cc1,786-19-6
,-5.8,Clc1cccc(c2cc(Cl)ccc2)c1,2050-67-1
,-5.89,Cc1c(cccc3)c3cc2c1cccc2,779-02-2
,-5.96,c12c3c4ccc1CCCc2ccc3CCC4,1732-13-4
,-6.02,Clc1cc(c2ccccc2Cl)c(Cl)cc1,37680-65-2
,-6.09,S=P(OC)(OC)Oc(cc(Cl)c(Br)c1)c1Cl,2104-96-3
,-6.18,ClC1(C2C4C5C(O5)C(C4)C23)C(Cl)=C(Cl)C3(Cl)C1(Cl)Cl,72-20-8
,-6.21,Clc1ccc(c2ccc(cc2Cl)Cl)cc1,7012-37-5
,-6.29,ClC(C(Cl)=C1Cl)(C2C(O4)C4C(Cl)C23)C(Cl)(Cl)C13Cl,1024-57-3
,-6.29,,52645-53-1
,-6.29,Clc1ccc(Cl)c(c2ccccc2)c1Cl,55702-45-9
,-6.32,ClC1(C(Cl)=C2Cl)C(C3Cl)C(C=C3)C2(Cl)C1(Cl)Cl,76-44-8
,-6.51,Clc(cc(Cl)cc2)c2c1ccc(Cl)cc1Cl,2437-79-8
,-6.62,ClC(Cl)(Cl)C(c1ccc(Cl)cc1)c(cccc2)c2Cl,789-02-6
,-6.7,O=P(Oc1ccc(O)cc1C)(Oc2cc(O)ccc2C)Oc3c(O)cccc3C,1330-78-5
,-6.81,CCCCCCCCCCCCCCCC(O)=O,57-10-3
,-6.89,ClC(Cl)(Cl)C(c2ccc(OC)cc2)c1ccc(OC)cc1,72-43-5
,-6.96,O=C(OCC(CC)CCCC)c1ccccc1C(OCC(CC)CCCC)=O,117-81-7
,-7,Clc(ccc(Cl)c2)c2c1cc(Cl)ccc1Cl,35693-99-3
,-7.05,Clc2c(ccc(Cl)c2Cl)c1c(Cl)c(Cl)ccc1,52663-62-4
,-7.16,Clc(c(Cl)c(Cl)c(Cl)c2)c2c1ccccc1,33284-53-6
,-7.26,CCCCCCCCCCCCCCCCO,36653-82-4
,-7.33,ClC12C3C(C4C=CC3C4)C(C2(Cl)Cl)(Cl)C(Cl)=C1Cl,309-00-2
,-7.8,,192-97-2
,-7.91,Clc1ccc(Cl)c(c2ccc(Cl)c(Cl)c2Cl)c1,38380-02-8
,-8.04,c1(cc(cccc4)c4c3)c3Cc2c1cccc2,243-17-4
,-8.06,c12c(ccc3c2ccc4c3cccc4)cccc1,218-01-9
,-8.3,Clc1c(Cl)c(Cl)ccc1c2c(Cl)c(Cl)c(Cl)cc2Cl,52663-71-5
,-8.32,Clc1c(Cl)cc(Cl)c(c2ccc(Cl)c(Cl)c2Cl)c1,35065-28-2
,-8.42,Clc1c(Cl)c(Cl)c(Cl)c(c2cccc(Cl)c2Cl)c1,55215-18-4
,-8.49,c12c3c4c(cc(cccc5)c5c4)c1cccc2ccc3,207-08-9
,-8.6,c34cc2cc1ccccc1cc2cc3cccc4,92-24-0
,-8.65,Clc1ccc(Cl)c(c1Cl)c2c(Cl)ccc(Cl)c2Cl,38411-22-2
,-8.66,c12c(cccc3)c3ccc1cc4c(ccc5c4cccc5)c2,53-70-3
,-9.03,c1(c(cc6)ccc3ccc4ccc5)c3c4c5c2c1c6ccc2,191-24-2
,-10.26,Clc1c(c2cc(Cl)c(Cl)c(Cl)c2Cl)c(Cl)c(Cl)c(Cl)c1Cl,40186-72-9
,-10.41,,52663-77-1
